tenant_id,decision_id,animal_id,decision_type,action,reason_code,recommendation_id,user_id,created_at,metadata_json
default,DC_00001,4821,open_cow_long,cull_recommended,alert_response,AL_00001,9000002,2026-05-08,"{""alert_id"": ""AL_00001"", ""severity"": ""medium""}"
default,DC_00002,3891,recurrent_mastitis,cull_recommended,alert_response,AL_00002,9000002,2026-05-08,"{""alert_id"": ""AL_00002"", ""severity"": ""high""}"
default,DC_00003,3005,open_cow_long,deferred,alert_response,AL_00007,9000002,2026-05-04,"{""alert_id"": ""AL_00007"", ""severity"": ""medium""}"
default,DC_00004,3010,open_cow_long,deferred,alert_response,AL_00010,9000002,2026-05-07,"{""alert_id"": ""AL_00010"", ""severity"": ""medium""}"
default,DC_00005,3023,open_cow_long,resync_protocol,alert_response,AL_00012,9000002,2026-05-04,"{""alert_id"": ""AL_00012"", ""severity"": ""medium""}"
default,DC_00006,3024,open_cow_long,deferred,alert_response,AL_00013,9000002,2026-05-06,"{""alert_id"": ""AL_00013"", ""severity"": ""medium""}"
default,DC_00007,3027,lameness,deferred,alert_response,AL_00014,9000002,2026-05-04,"{""alert_id"": ""AL_00014"", ""severity"": ""medium""}"
default,DC_00008,3028,open_cow_long,deferred,alert_response,AL_00015,9000002,2026-05-08,"{""alert_id"": ""AL_00015"", ""severity"": ""medium""}"
default,DC_00009,3033,open_cow_long,cull_recommended,alert_response,AL_00017,9000002,2026-05-04,"{""alert_id"": ""AL_00017"", ""severity"": ""medium""}"
default,DC_00010,3034,open_cow_long,cull_recommended,alert_response,AL_00018,9000002,2026-05-08,"{""alert_id"": ""AL_00018"", ""severity"": ""medium""}"
default,DC_00011,3035,open_cow_long,cull_recommended,alert_response,AL_00020,9000002,2026-05-07,"{""alert_id"": ""AL_00020"", ""severity"": ""medium""}"
default,DC_00012,3037,low_yield_drop,nutritional_review,alert_response,AL_00021,9000002,2026-04-29,"{""alert_id"": ""AL_00021"", ""severity"": ""low""}"
default,DC_00013,3044,open_cow_long,cull_recommended,alert_response,AL_00023,9000002,2026-05-02,"{""alert_id"": ""AL_00023"", ""severity"": ""medium""}"
default,DC_00014,3048,open_cow_long,deferred,alert_response,AL_00024,9000002,2026-05-04,"{""alert_id"": ""AL_00024"", ""severity"": ""medium""}"
default,DC_00015,3052,open_cow_long,deferred,alert_response,AL_00027,9000002,2026-05-07,"{""alert_id"": ""AL_00027"", ""severity"": ""medium""}"
default,DC_00016,3053,low_yield_drop,nutritional_review,alert_response,AL_00028,9000002,2026-05-01,"{""alert_id"": ""AL_00028"", ""severity"": ""low""}"
default,DC_00017,3055,open_cow_long,resync_protocol,alert_response,AL_00029,9000002,2026-05-02,"{""alert_id"": ""AL_00029"", ""severity"": ""medium""}"
default,DC_00018,3060,open_cow_long,cull_recommended,alert_response,AL_00031,9000002,2026-05-06,"{""alert_id"": ""AL_00031"", ""severity"": ""medium""}"
default,DC_00019,3062,open_cow_long,resync_protocol,alert_response,AL_00032,9000002,2026-05-05,"{""alert_id"": ""AL_00032"", ""severity"": ""medium""}"
default,DC_00020,3063,open_cow_long,resync_protocol,alert_response,AL_00033,9000002,2026-05-02,"{""alert_id"": ""AL_00033"", ""severity"": ""medium""}"
default,DC_00021,3066,open_cow_long,resync_protocol,alert_response,AL_00034,9000002,2026-05-05,"{""alert_id"": ""AL_00034"", ""severity"": ""medium""}"
default,DC_00022,3069,open_cow_long,deferred,alert_response,AL_00035,9000002,2026-05-06,"{""alert_id"": ""AL_00035"", ""severity"": ""medium""}"
default,DC_00023,3071,open_cow_long,deferred,alert_response,AL_00037,9000002,2026-05-08,"{""alert_id"": ""AL_00037"", ""severity"": ""medium""}"
default,DC_00024,3082,open_cow_long,resync_protocol,alert_response,AL_00040,9000002,2026-05-06,"{""alert_id"": ""AL_00040"", ""severity"": ""medium""}"
default,DC_00025,3083,open_cow_long,resync_protocol,alert_response,AL_00041,9000002,2026-05-07,"{""alert_id"": ""AL_00041"", ""severity"": ""medium""}"
default,DC_00026,3085,open_cow_long,deferred,alert_response,AL_00042,9000002,2026-05-04,"{""alert_id"": ""AL_00042"", ""severity"": ""medium""}"
default,DC_00027,3086,open_cow_long,deferred,alert_response,AL_00043,9000002,2026-05-02,"{""alert_id"": ""AL_00043"", ""severity"": ""medium""}"
default,DC_00028,3090,open_cow_long,cull_recommended,alert_response,AL_00045,9000002,2026-05-07,"{""alert_id"": ""AL_00045"", ""severity"": ""medium""}"
default,DC_00029,3098,open_cow_long,resync_protocol,alert_response,AL_00047,9000002,2026-05-05,"{""alert_id"": ""AL_00047"", ""severity"": ""medium""}"
default,DC_00030,3108,open_cow_long,deferred,alert_response,AL_00052,9000002,2026-05-05,"{""alert_id"": ""AL_00052"", ""severity"": ""medium""}"
default,DC_00031,3111,open_cow_long,resync_protocol,alert_response,AL_00053,9000002,2026-05-06,"{""alert_id"": ""AL_00053"", ""severity"": ""medium""}"
default,DC_00032,3114,open_cow_long,resync_protocol,alert_response,AL_00054,9000002,2026-05-05,"{""alert_id"": ""AL_00054"", ""severity"": ""medium""}"
default,DC_00033,3118,open_cow_long,cull_recommended,alert_response,AL_00056,9000002,2026-05-03,"{""alert_id"": ""AL_00056"", ""severity"": ""medium""}"
default,DC_00034,3124,low_yield_drop,nutritional_review,alert_response,AL_00058,9000002,2026-05-03,"{""alert_id"": ""AL_00058"", ""severity"": ""medium""}"
default,DC_00035,3128,open_cow_long,deferred,alert_response,AL_00060,9000002,2026-05-06,"{""alert_id"": ""AL_00060"", ""severity"": ""medium""}"
default,DC_00036,3141,open_cow_long,resync_protocol,alert_response,AL_00064,9000002,2026-05-02,"{""alert_id"": ""AL_00064"", ""severity"": ""medium""}"
default,DC_00037,3143,open_cow_long,deferred,alert_response,AL_00065,9000002,2026-05-05,"{""alert_id"": ""AL_00065"", ""severity"": ""medium""}"
default,DC_00038,3148,open_cow_long,cull_recommended,alert_response,AL_00067,9000002,2026-05-08,"{""alert_id"": ""AL_00067"", ""severity"": ""medium""}"
default,DC_00039,3149,lameness,treat_protocol,alert_response,AL_00068,9000002,2026-05-05,"{""alert_id"": ""AL_00068"", ""severity"": ""medium""}"
default,DC_00040,3150,open_cow_long,cull_recommended,alert_response,AL_00069,9000002,2026-05-05,"{""alert_id"": ""AL_00069"", ""severity"": ""medium""}"
default,DC_00041,3159,open_cow_long,resync_protocol,alert_response,AL_00072,9000002,2026-05-07,"{""alert_id"": ""AL_00072"", ""severity"": ""medium""}"
default,DC_00042,3160,open_cow_long,cull_recommended,alert_response,AL_00073,9000002,2026-05-04,"{""alert_id"": ""AL_00073"", ""severity"": ""medium""}"
default,DC_00043,3163,open_cow_long,resync_protocol,alert_response,AL_00074,9000002,2026-05-02,"{""alert_id"": ""AL_00074"", ""severity"": ""medium""}"
default,DC_00044,3166,open_cow_long,deferred,alert_response,AL_00075,9000002,2026-05-08,"{""alert_id"": ""AL_00075"", ""severity"": ""medium""}"
default,DC_00045,3168,open_cow_long,deferred,alert_response,AL_00077,9000002,2026-05-04,"{""alert_id"": ""AL_00077"", ""severity"": ""medium""}"
default,DC_00046,3173,open_cow_long,resync_protocol,alert_response,AL_00079,9000002,2026-05-08,"{""alert_id"": ""AL_00079"", ""severity"": ""medium""}"
default,DC_00047,3175,open_cow_long,cull_recommended,alert_response,AL_00080,9000002,2026-05-05,"{""alert_id"": ""AL_00080"", ""severity"": ""medium""}"
default,DC_00048,3176,open_cow_long,resync_protocol,alert_response,AL_00082,9000002,2026-05-05,"{""alert_id"": ""AL_00082"", ""severity"": ""medium""}"
default,DC_00049,3181,open_cow_long,resync_protocol,alert_response,AL_00085,9000002,2026-05-08,"{""alert_id"": ""AL_00085"", ""severity"": ""medium""}"
default,DC_00050,3186,open_cow_long,deferred,alert_response,AL_00086,9000002,2026-05-07,"{""alert_id"": ""AL_00086"", ""severity"": ""medium""}"
default,DC_00051,3187,open_cow_long,resync_protocol,alert_response,AL_00088,9000002,2026-05-07,"{""alert_id"": ""AL_00088"", ""severity"": ""medium""}"
default,DC_00052,3198,open_cow_long,deferred,alert_response,AL_00091,9000002,2026-05-04,"{""alert_id"": ""AL_00091"", ""severity"": ""medium""}"
default,DC_00053,3202,open_cow_long,deferred,alert_response,AL_00092,9000002,2026-05-06,"{""alert_id"": ""AL_00092"", ""severity"": ""medium""}"
default,DC_00054,3204,open_cow_long,resync_protocol,alert_response,AL_00093,9000002,2026-05-06,"{""alert_id"": ""AL_00093"", ""severity"": ""medium""}"
default,DC_00055,3208,low_yield_drop,monitor,alert_response,AL_00094,9000002,2026-05-07,"{""alert_id"": ""AL_00094"", ""severity"": ""low""}"
default,DC_00056,3212,open_cow_long,resync_protocol,alert_response,AL_00096,9000002,2026-05-02,"{""alert_id"": ""AL_00096"", ""severity"": ""medium""}"
default,DC_00057,3216,open_cow_long,deferred,alert_response,AL_00098,9000002,2026-05-05,"{""alert_id"": ""AL_00098"", ""severity"": ""medium""}"
default,DC_00058,3223,low_yield_drop,monitor,alert_response,AL_00101,9000002,2026-05-08,"{""alert_id"": ""AL_00101"", ""severity"": ""medium""}"
default,DC_00059,3230,open_cow_long,cull_recommended,alert_response,AL_00105,9000002,2026-05-04,"{""alert_id"": ""AL_00105"", ""severity"": ""medium""}"
default,DC_00060,3232,low_yield_drop,monitor,alert_response,AL_00106,9000002,2026-05-03,"{""alert_id"": ""AL_00106"", ""severity"": ""medium""}"
default,DC_00061,3242,low_yield_drop,deferred,alert_response,AL_00109,9000002,2026-05-07,"{""alert_id"": ""AL_00109"", ""severity"": ""medium""}"
default,DC_00062,3246,low_yield_drop,monitor,alert_response,AL_00110,9000002,2026-05-02,"{""alert_id"": ""AL_00110"", ""severity"": ""medium""}"
default,DC_00063,3248,open_cow_long,deferred,alert_response,AL_00111,9000002,2026-05-05,"{""alert_id"": ""AL_00111"", ""severity"": ""medium""}"
default,DC_00064,3252,open_cow_long,cull_recommended,alert_response,AL_00113,9000002,2026-05-08,"{""alert_id"": ""AL_00113"", ""severity"": ""medium""}"
default,DC_00065,3255,open_cow_long,deferred,alert_response,AL_00114,9000002,2026-05-04,"{""alert_id"": ""AL_00114"", ""severity"": ""medium""}"
default,DC_00066,3261,low_yield_drop,deferred,alert_response,AL_00117,9000002,2026-05-08,"{""alert_id"": ""AL_00117"", ""severity"": ""low""}"
default,DC_00067,3264,open_cow_long,cull_recommended,alert_response,AL_00118,9000002,2026-05-06,"{""alert_id"": ""AL_00118"", ""severity"": ""medium""}"
default,DC_00068,3268,open_cow_long,deferred,alert_response,AL_00119,9000002,2026-05-06,"{""alert_id"": ""AL_00119"", ""severity"": ""medium""}"
default,DC_00069,3269,open_cow_long,cull_recommended,alert_response,AL_00121,9000002,2026-05-03,"{""alert_id"": ""AL_00121"", ""severity"": ""medium""}"
default,DC_00070,3272,open_cow_long,cull_recommended,alert_response,AL_00123,9000002,2026-05-04,"{""alert_id"": ""AL_00123"", ""severity"": ""medium""}"
default,DC_00071,3275,open_cow_long,cull_recommended,alert_response,AL_00124,9000002,2026-05-08,"{""alert_id"": ""AL_00124"", ""severity"": ""medium""}"
default,DC_00072,3277,open_cow_long,deferred,alert_response,AL_00125,9000002,2026-05-04,"{""alert_id"": ""AL_00125"", ""severity"": ""medium""}"
default,DC_00073,3285,open_cow_long,resync_protocol,alert_response,AL_00127,9000002,2026-05-05,"{""alert_id"": ""AL_00127"", ""severity"": ""medium""}"
default,DC_00074,3289,open_cow_long,cull_recommended,alert_response,AL_00129,9000002,2026-05-05,"{""alert_id"": ""AL_00129"", ""severity"": ""medium""}"
default,DC_00075,3299,open_cow_long,deferred,alert_response,AL_00131,9000002,2026-05-04,"{""alert_id"": ""AL_00131"", ""severity"": ""medium""}"
default,DC_00076,3315,open_cow_long,cull_recommended,alert_response,AL_00138,9000002,2026-05-08,"{""alert_id"": ""AL_00138"", ""severity"": ""medium""}"
default,DC_00077,3318,open_cow_long,cull_recommended,alert_response,AL_00140,9000002,2026-05-04,"{""alert_id"": ""AL_00140"", ""severity"": ""medium""}"
default,DC_00078,3322,open_cow_long,resync_protocol,alert_response,AL_00141,9000002,2026-05-08,"{""alert_id"": ""AL_00141"", ""severity"": ""medium""}"
default,DC_00079,3324,lameness,treat_protocol,alert_response,AL_00143,9000002,2026-05-08,"{""alert_id"": ""AL_00143"", ""severity"": ""medium""}"
default,DC_00080,3325,open_cow_long,resync_protocol,alert_response,AL_00144,9000002,2026-05-02,"{""alert_id"": ""AL_00144"", ""severity"": ""medium""}"
default,DC_00081,3327,open_cow_long,resync_protocol,alert_response,AL_00145,9000002,2026-05-05,"{""alert_id"": ""AL_00145"", ""severity"": ""medium""}"
default,DC_00082,3328,open_cow_long,resync_protocol,alert_response,AL_00147,9000002,2026-05-07,"{""alert_id"": ""AL_00147"", ""severity"": ""medium""}"
default,DC_00083,3333,open_cow_long,resync_protocol,alert_response,AL_00148,9000002,2026-05-03,"{""alert_id"": ""AL_00148"", ""severity"": ""medium""}"
default,DC_00084,3334,open_cow_long,cull_recommended,alert_response,AL_00149,9000002,2026-05-03,"{""alert_id"": ""AL_00149"", ""severity"": ""medium""}"
default,DC_00085,3336,low_yield_drop,monitor,alert_response,AL_00150,9000002,2026-04-30,"{""alert_id"": ""AL_00150"", ""severity"": ""medium""}"
default,DC_00086,3341,open_cow_long,deferred,alert_response,AL_00151,9000002,2026-05-06,"{""alert_id"": ""AL_00151"", ""severity"": ""medium""}"
default,DC_00087,3347,low_yield_drop,monitor,alert_response,AL_00154,9000002,2026-05-05,"{""alert_id"": ""AL_00154"", ""severity"": ""medium""}"
