tenant_id,farm_id,date,n_lactating,avg_milk_kg_per_cow,total_milk_kg,milk_revenue_rub,feed_cost_rub,vet_cost_rub,gross_margin_rub
default,INV_FARM_001,2025-05-10,304,25.6,7779.0,233370.0,93348.0,3364.0,136658.0
default,INV_FARM_001,2025-05-11,299,25.0,7472.7,224181.0,89672.0,1523.0,132986.0
default,INV_FARM_001,2025-05-12,292,27.8,8119.2,243576.0,97430.0,3340.0,142806.0
default,INV_FARM_001,2025-05-13,292,25.1,7323.9,219717.0,87887.0,2480.0,129350.0
default,INV_FARM_001,2025-05-14,291,25.0,7284.9,218547.0,87419.0,2642.0,128486.0
default,INV_FARM_001,2025-05-15,309,28.5,8819.7,264591.0,105836.0,1016.0,157739.0
default,INV_FARM_001,2025-05-16,308,24.7,7621.1,228633.0,91453.0,2860.0,134320.0
default,INV_FARM_001,2025-05-17,301,29.2,8795.0,263850.0,105540.0,2730.0,155580.0
default,INV_FARM_001,2025-05-18,313,25.4,7941.1,238233.0,95293.0,2492.0,140448.0
default,INV_FARM_001,2025-05-19,291,26.9,7816.4,234492.0,93797.0,2253.0,138442.0
default,INV_FARM_001,2025-05-20,294,24.3,7134.8,214044.0,85618.0,867.0,127559.0
default,INV_FARM_001,2025-05-21,310,28.8,8926.8,267804.0,107122.0,3484.0,157198.0
default,INV_FARM_001,2025-05-22,309,27.8,8602.7,258081.0,103232.0,4366.0,150483.0
default,INV_FARM_001,2025-05-23,301,28.0,8423.1,252693.0,101077.0,3942.0,147674.0
default,INV_FARM_001,2025-05-24,311,23.8,7396.8,221904.0,88762.0,1369.0,131773.0
default,INV_FARM_001,2025-05-25,299,25.6,7661.1,229833.0,91933.0,2356.0,135544.0
default,INV_FARM_001,2025-05-26,295,24.4,7187.9,215637.0,86255.0,1334.0,128048.0
default,INV_FARM_001,2025-05-27,286,27.2,7785.8,233574.0,93430.0,3368.0,136776.0
default,INV_FARM_001,2025-05-28,304,25.2,7651.8,229554.0,91822.0,1666.0,136066.0
default,INV_FARM_001,2025-05-29,315,27.7,8727.0,261810.0,104724.0,1759.0,155327.0
default,INV_FARM_001,2025-05-30,311,28.7,8929.4,267882.0,107153.0,1038.0,159691.0
default,INV_FARM_001,2025-05-31,315,27.1,8543.2,256296.0,102518.0,3534.0,150244.0
default,INV_FARM_001,2025-06-01,300,24.9,7469.7,224091.0,89636.0,2911.0,131544.0
default,INV_FARM_001,2025-06-02,285,24.6,7001.1,210033.0,84013.0,1513.0,124507.0
default,INV_FARM_001,2025-06-03,291,29.1,8468.5,254055.0,101622.0,3364.0,149069.0
default,INV_FARM_001,2025-06-04,308,28.1,8646.3,259389.0,103756.0,3351.0,152282.0
default,INV_FARM_001,2025-06-05,303,28.4,8602.9,258087.0,103235.0,893.0,153959.0
default,INV_FARM_001,2025-06-06,297,27.8,8260.8,247824.0,99130.0,1894.0,146800.0
default,INV_FARM_001,2025-06-07,298,28.8,8567.7,257031.0,102812.0,4113.0,150106.0
default,INV_FARM_001,2025-06-08,298,28.3,8432.8,252984.0,101194.0,3970.0,147820.0
default,INV_FARM_001,2025-06-09,314,28.5,8951.9,268557.0,107423.0,1663.0,159471.0
default,INV_FARM_001,2025-06-10,302,28.2,8509.0,255270.0,102108.0,970.0,152192.0
default,INV_FARM_001,2025-06-11,297,24.4,7248.4,217452.0,86981.0,4310.0,126161.0
default,INV_FARM_001,2025-06-12,305,25.3,7710.4,231312.0,92525.0,3592.0,135195.0
default,INV_FARM_001,2025-06-13,298,24.6,7323.6,219708.0,87883.0,2621.0,129204.0
default,INV_FARM_001,2025-06-14,289,26.6,7685.3,230559.0,92224.0,2991.0,135344.0
default,INV_FARM_001,2025-06-15,308,29.2,8985.3,269559.0,107824.0,2861.0,158874.0
default,INV_FARM_001,2025-06-16,315,24.5,7709.4,231282.0,92513.0,4313.0,134456.0
default,INV_FARM_001,2025-06-17,295,27.5,8103.2,243096.0,97238.0,3091.0,142767.0
default,INV_FARM_001,2025-06-18,292,29.5,8624.5,258735.0,103494.0,1440.0,153801.0
default,INV_FARM_001,2025-06-19,286,28.7,8202.2,246066.0,98426.0,4293.0,143347.0
default,INV_FARM_001,2025-06-20,286,29.9,8559.3,256779.0,102712.0,1956.0,152111.0
default,INV_FARM_001,2025-06-21,293,24.7,7226.8,216804.0,86722.0,2658.0,127424.0
default,INV_FARM_001,2025-06-22,291,29.3,8516.6,255498.0,102199.0,996.0,152303.0
default,INV_FARM_001,2025-06-23,291,26.8,7785.1,233553.0,93421.0,3255.0,136877.0
default,INV_FARM_001,2025-06-24,314,27.5,8634.4,259032.0,103613.0,3646.0,151773.0
default,INV_FARM_001,2025-06-25,298,27.5,8199.0,245970.0,98388.0,2989.0,144593.0
default,INV_FARM_001,2025-06-26,301,28.6,8620.6,258618.0,103447.0,2729.0,152442.0
default,INV_FARM_001,2025-06-27,299,26.6,7954.6,238638.0,95455.0,2418.0,140765.0
default,INV_FARM_001,2025-06-28,292,26.9,7857.2,235716.0,94286.0,2072.0,139358.0
default,INV_FARM_001,2025-06-29,288,25.0,7202.0,216060.0,86424.0,3635.0,126001.0
default,INV_FARM_001,2025-06-30,299,25.6,7662.3,229869.0,91948.0,2473.0,135448.0
default,INV_FARM_001,2025-07-01,287,28.4,8160.5,244815.0,97926.0,1280.0,145609.0
default,INV_FARM_001,2025-07-02,295,28.0,8261.7,247851.0,99140.0,2720.0,145991.0
default,INV_FARM_001,2025-07-03,294,26.6,7834.5,235035.0,94014.0,967.0,140054.0
default,INV_FARM_001,2025-07-04,311,28.1,8740.3,262209.0,104884.0,1162.0,156163.0
default,INV_FARM_001,2025-07-05,296,28.6,8459.0,253770.0,101508.0,858.0,151404.0
default,INV_FARM_001,2025-07-06,298,28.6,8514.1,255423.0,102169.0,4166.0,149088.0
default,INV_FARM_001,2025-07-07,295,27.0,7957.0,238710.0,95484.0,3164.0,140062.0
default,INV_FARM_001,2025-07-08,312,25.3,7889.8,236694.0,94678.0,4470.0,137546.0
default,INV_FARM_001,2025-07-09,287,28.2,8099.6,242988.0,97195.0,2769.0,143024.0
default,INV_FARM_001,2025-07-10,307,26.2,8058.3,241749.0,96700.0,1219.0,143830.0
default,INV_FARM_001,2025-07-11,286,26.9,7698.6,230958.0,92383.0,2289.0,136286.0
default,INV_FARM_001,2025-07-12,305,28.9,8819.1,264573.0,105829.0,1232.0,157512.0
default,INV_FARM_001,2025-07-13,299,26.4,7892.0,236760.0,94704.0,2828.0,139228.0
default,INV_FARM_001,2025-07-14,302,27.0,8139.9,244197.0,97679.0,4474.0,142044.0
default,INV_FARM_001,2025-07-15,296,29.4,8713.6,261408.0,104563.0,847.0,155998.0
default,INV_FARM_001,2025-07-16,306,26.1,7985.9,239577.0,95831.0,3103.0,140643.0
default,INV_FARM_001,2025-07-17,302,29.0,8771.1,263133.0,105253.0,3051.0,154829.0
default,INV_FARM_001,2025-07-18,303,25.2,7637.0,229110.0,91644.0,3805.0,133661.0
default,INV_FARM_001,2025-07-19,307,28.5,8763.8,262914.0,105166.0,2331.0,155417.0
default,INV_FARM_001,2025-07-20,313,29.0,9082.2,272466.0,108986.0,3309.0,160171.0
default,INV_FARM_001,2025-07-21,304,29.7,9037.9,271137.0,108455.0,3372.0,159310.0
default,INV_FARM_001,2025-07-22,296,29.4,8701.9,261057.0,104423.0,3406.0,153228.0
default,INV_FARM_001,2025-07-23,295,28.1,8283.7,248511.0,99404.0,2354.0,146753.0
default,INV_FARM_001,2025-07-24,297,26.5,7865.4,235962.0,94385.0,1973.0,139604.0
default,INV_FARM_001,2025-07-25,298,28.6,8512.1,255363.0,102145.0,3639.0,149579.0
default,INV_FARM_001,2025-07-26,293,29.6,8671.5,260145.0,104058.0,4499.0,151588.0
default,INV_FARM_001,2025-07-27,306,26.4,8064.7,241941.0,96776.0,2888.0,142277.0
default,INV_FARM_001,2025-07-28,307,30.4,9325.0,279750.0,111900.0,3637.0,164213.0
default,INV_FARM_001,2025-07-29,305,27.7,8439.0,253170.0,101268.0,1405.0,150497.0
default,INV_FARM_001,2025-07-30,292,28.6,8353.7,250611.0,100244.0,2999.0,147368.0
default,INV_FARM_001,2025-07-31,285,24.4,6960.1,208803.0,83521.0,3375.0,121907.0
default,INV_FARM_001,2025-08-01,287,28.7,8224.6,246738.0,98695.0,3320.0,144723.0
default,INV_FARM_001,2025-08-02,314,28.0,8783.8,263514.0,105406.0,3096.0,155012.0
default,INV_FARM_001,2025-08-03,300,27.5,8249.0,247470.0,98988.0,1396.0,147086.0
default,INV_FARM_001,2025-08-04,299,26.1,7814.0,234420.0,93768.0,3146.0,137506.0
default,INV_FARM_001,2025-08-05,285,30.2,8607.0,258210.0,103284.0,3088.0,151838.0
default,INV_FARM_001,2025-08-06,290,27.1,7872.4,236172.0,94469.0,3697.0,138006.0
default,INV_FARM_001,2025-08-07,293,25.9,7602.3,228069.0,91228.0,2245.0,134596.0
default,INV_FARM_001,2025-08-08,296,25.7,7602.0,228060.0,91224.0,1875.0,134961.0
default,INV_FARM_001,2025-08-09,301,28.5,8573.3,257199.0,102880.0,1238.0,153081.0
default,INV_FARM_001,2025-08-10,291,25.5,7433.9,223017.0,89207.0,2617.0,131193.0
default,INV_FARM_001,2025-08-11,313,30.7,9605.9,288177.0,115271.0,3168.0,169738.0
default,INV_FARM_001,2025-08-12,302,26.7,8049.0,241470.0,96588.0,2195.0,142687.0
default,INV_FARM_001,2025-08-13,306,28.7,8793.6,263808.0,105523.0,4362.0,153923.0
default,INV_FARM_001,2025-08-14,285,28.1,8014.5,240435.0,96174.0,3814.0,140447.0
default,INV_FARM_001,2025-08-15,291,28.9,8396.9,251907.0,100763.0,1393.0,149751.0
default,INV_FARM_001,2025-08-16,310,26.4,8193.5,245805.0,98322.0,2468.0,145015.0
default,INV_FARM_001,2025-08-17,293,25.0,7337.7,220131.0,88052.0,2490.0,129589.0
default,INV_FARM_001,2025-08-18,309,29.8,9194.2,275826.0,110330.0,2915.0,162581.0
default,INV_FARM_001,2025-08-19,302,29.1,8783.4,263502.0,105401.0,4060.0,154041.0
default,INV_FARM_001,2025-08-20,285,30.5,8678.3,260349.0,104140.0,870.0,155339.0
default,INV_FARM_001,2025-08-21,285,28.3,8068.0,242040.0,96816.0,4139.0,141085.0
default,INV_FARM_001,2025-08-22,306,27.4,8374.5,251235.0,100494.0,1820.0,148921.0
default,INV_FARM_001,2025-08-23,294,27.3,8030.5,240915.0,96366.0,3073.0,141476.0
default,INV_FARM_001,2025-08-24,315,26.2,8246.8,247404.0,98962.0,1470.0,146972.0
default,INV_FARM_001,2025-08-25,305,30.6,9319.2,279576.0,111830.0,1715.0,166031.0
default,INV_FARM_001,2025-08-26,285,30.1,8583.8,257514.0,103006.0,3828.0,150680.0
default,INV_FARM_001,2025-08-27,302,27.0,8161.8,244854.0,97942.0,2324.0,144588.0
default,INV_FARM_001,2025-08-28,310,25.8,7999.4,239982.0,95993.0,1784.0,142205.0
default,INV_FARM_001,2025-08-29,295,30.0,8862.6,265878.0,106351.0,4296.0,155231.0
default,INV_FARM_001,2025-08-30,312,28.9,9032.0,270960.0,108384.0,1681.0,160895.0
default,INV_FARM_001,2025-08-31,301,25.2,7573.9,227217.0,90887.0,4324.0,132006.0
default,INV_FARM_001,2025-09-01,299,26.2,7829.2,234876.0,93950.0,4395.0,136531.0
default,INV_FARM_001,2025-09-02,291,31.0,9033.5,271005.0,108402.0,1126.0,161477.0
default,INV_FARM_001,2025-09-03,308,27.4,8445.6,253368.0,101347.0,4248.0,147773.0
default,INV_FARM_001,2025-09-04,314,25.7,8060.8,241824.0,96730.0,2173.0,142921.0
default,INV_FARM_001,2025-09-05,290,29.2,8455.7,253671.0,101468.0,1025.0,151178.0
default,INV_FARM_001,2025-09-06,289,25.5,7376.8,221304.0,88522.0,2588.0,130194.0
default,INV_FARM_001,2025-09-07,296,25.4,7518.8,225564.0,90226.0,2876.0,132462.0
default,INV_FARM_001,2025-09-08,301,26.0,7815.8,234474.0,93790.0,4187.0,136497.0
default,INV_FARM_001,2025-09-09,303,29.5,8945.0,268350.0,107340.0,3010.0,158000.0
default,INV_FARM_001,2025-09-10,296,26.6,7872.5,236175.0,94470.0,4189.0,137516.0
default,INV_FARM_001,2025-09-11,287,26.7,7662.7,229881.0,91952.0,4283.0,133646.0
default,INV_FARM_001,2025-09-12,311,29.5,9180.5,275415.0,110166.0,2507.0,162742.0
default,INV_FARM_001,2025-09-13,301,27.3,8227.6,246828.0,98731.0,1950.0,146147.0
default,INV_FARM_001,2025-09-14,315,29.3,9245.2,277356.0,110942.0,2270.0,164144.0
default,INV_FARM_001,2025-09-15,286,25.5,7293.7,218811.0,87524.0,3232.0,128055.0
default,INV_FARM_001,2025-09-16,291,29.9,8702.3,261069.0,104428.0,2168.0,154473.0
default,INV_FARM_001,2025-09-17,314,28.0,8800.4,264012.0,105605.0,3238.0,155169.0
default,INV_FARM_001,2025-09-18,315,27.8,8754.3,262629.0,105052.0,1178.0,156399.0
default,INV_FARM_001,2025-09-19,309,30.1,9314.1,279423.0,111769.0,3987.0,163667.0
default,INV_FARM_001,2025-09-20,302,31.2,9408.7,282261.0,112904.0,1267.0,168090.0
default,INV_FARM_001,2025-09-21,300,30.1,9044.2,271326.0,108530.0,2550.0,160246.0
default,INV_FARM_001,2025-09-22,301,29.7,8940.9,268227.0,107291.0,4122.0,156814.0
default,INV_FARM_001,2025-09-23,288,26.9,7755.6,232668.0,93067.0,3420.0,136181.0
default,INV_FARM_001,2025-09-24,288,25.6,7361.9,220857.0,88343.0,1262.0,131252.0
default,INV_FARM_001,2025-09-25,290,27.9,8087.8,242634.0,97054.0,2417.0,143163.0
default,INV_FARM_001,2025-09-26,302,27.3,8242.4,247272.0,98909.0,4427.0,143936.0
default,INV_FARM_001,2025-09-27,311,30.0,9325.4,279762.0,111905.0,3579.0,164278.0
default,INV_FARM_001,2025-09-28,311,25.3,7873.8,236214.0,94486.0,1918.0,139810.0
default,INV_FARM_001,2025-09-29,301,26.8,8067.7,242031.0,96812.0,2920.0,142299.0
default,INV_FARM_001,2025-09-30,285,25.1,7152.0,214560.0,85824.0,1060.0,127676.0
default,INV_FARM_001,2025-10-01,287,31.5,9048.0,271440.0,108576.0,3349.0,159515.0
default,INV_FARM_001,2025-10-02,309,26.6,8208.0,246240.0,98496.0,1394.0,146350.0
default,INV_FARM_001,2025-10-03,300,26.1,7836.8,235104.0,94042.0,3645.0,137417.0
default,INV_FARM_001,2025-10-04,300,29.6,8882.8,266484.0,106594.0,3334.0,156556.0
default,INV_FARM_001,2025-10-05,306,28.0,8569.7,257091.0,102836.0,1153.0,153102.0
default,INV_FARM_001,2025-10-06,313,26.0,8132.7,243981.0,97592.0,3601.0,142788.0
default,INV_FARM_001,2025-10-07,314,29.6,9288.6,278658.0,111463.0,3441.0,163754.0
default,INV_FARM_001,2025-10-08,307,25.7,7901.9,237057.0,94823.0,2633.0,139601.0
default,INV_FARM_001,2025-10-09,290,28.1,8154.1,244623.0,97849.0,2451.0,144323.0
default,INV_FARM_001,2025-10-10,292,29.7,8658.6,259758.0,103903.0,2122.0,153733.0
default,INV_FARM_001,2025-10-11,304,25.4,7710.5,231315.0,92526.0,3598.0,135191.0
default,INV_FARM_001,2025-10-12,303,28.3,8585.6,257568.0,103027.0,3690.0,150851.0
default,INV_FARM_001,2025-10-13,295,26.8,7894.4,236832.0,94733.0,3992.0,138107.0
default,INV_FARM_001,2025-10-14,310,28.0,8664.6,259938.0,103975.0,1170.0,154793.0
default,INV_FARM_001,2025-10-15,303,27.9,8451.4,253542.0,101417.0,971.0,151154.0
default,INV_FARM_001,2025-10-16,307,29.8,9160.6,274818.0,109927.0,4115.0,160776.0
default,INV_FARM_001,2025-10-17,302,25.3,7643.2,229296.0,91718.0,3233.0,134345.0
default,INV_FARM_001,2025-10-18,292,31.2,9118.7,273561.0,109424.0,1465.0,162672.0
default,INV_FARM_001,2025-10-19,315,28.1,8851.8,265554.0,106222.0,2252.0,157080.0
default,INV_FARM_001,2025-10-20,308,31.5,9691.0,290730.0,116292.0,859.0,173579.0
default,INV_FARM_001,2025-10-21,299,27.6,8259.5,247785.0,99114.0,3454.0,145217.0
default,INV_FARM_001,2025-10-22,289,28.2,8143.2,244296.0,97718.0,2317.0,144261.0
default,INV_FARM_001,2025-10-23,313,31.4,9836.6,295098.0,118039.0,2138.0,174921.0
default,INV_FARM_001,2025-10-24,287,28.1,8065.3,241959.0,96784.0,1661.0,143514.0
default,INV_FARM_001,2025-10-25,285,30.4,8668.3,260049.0,104020.0,3559.0,152470.0
default,INV_FARM_001,2025-10-26,311,26.1,8120.5,243615.0,97446.0,1126.0,145043.0
default,INV_FARM_001,2025-10-27,297,30.2,8959.9,268797.0,107519.0,1479.0,159799.0
default,INV_FARM_001,2025-10-28,289,28.6,8251.1,247533.0,99013.0,3442.0,145078.0
default,INV_FARM_001,2025-10-29,303,26.8,8123.6,243708.0,97483.0,2063.0,144162.0
default,INV_FARM_001,2025-10-30,292,30.1,8788.4,263652.0,105461.0,1382.0,156809.0
default,INV_FARM_001,2025-10-31,307,27.0,8293.2,248796.0,99518.0,2145.0,147133.0
default,INV_FARM_001,2025-11-01,306,28.3,8659.3,259779.0,103912.0,3268.0,152599.0
default,INV_FARM_001,2025-11-02,293,29.6,8666.6,259998.0,103999.0,2400.0,153599.0
default,INV_FARM_001,2025-11-03,304,26.8,8146.9,244407.0,97763.0,3740.0,142904.0
default,INV_FARM_001,2025-11-04,309,26.4,8160.3,244809.0,97924.0,2037.0,144848.0
default,INV_FARM_001,2025-11-05,307,29.6,9073.3,272199.0,108880.0,1812.0,161507.0
default,INV_FARM_001,2025-11-06,292,29.9,8718.3,261549.0,104620.0,1363.0,155566.0
default,INV_FARM_001,2025-11-07,304,27.4,8323.8,249714.0,99886.0,3342.0,146486.0
default,INV_FARM_001,2025-11-08,285,29.3,8337.6,250128.0,100051.0,3204.0,146873.0
default,INV_FARM_001,2025-11-09,309,30.5,9429.1,282873.0,113149.0,4192.0,165532.0
default,INV_FARM_001,2025-11-10,309,27.3,8445.5,253365.0,101346.0,4150.0,147869.0
default,INV_FARM_001,2025-11-11,292,30.0,8772.0,263160.0,105264.0,4416.0,153480.0
default,INV_FARM_001,2025-11-12,315,29.3,9230.4,276912.0,110765.0,1518.0,164629.0
default,INV_FARM_001,2025-11-13,310,28.8,8912.7,267381.0,106952.0,4157.0,156272.0
default,INV_FARM_001,2025-11-14,286,29.5,8425.7,252771.0,101108.0,2553.0,149110.0
default,INV_FARM_001,2025-11-15,298,31.2,9292.7,278781.0,111512.0,3434.0,163835.0
default,INV_FARM_001,2025-11-16,311,32.0,9939.3,298179.0,119272.0,2095.0,176812.0
default,INV_FARM_001,2025-11-17,313,28.3,8843.3,265299.0,106120.0,1640.0,157539.0
default,INV_FARM_001,2025-11-18,309,26.7,8256.5,247695.0,99078.0,3683.0,144934.0
default,INV_FARM_001,2025-11-19,311,28.4,8817.2,264516.0,105806.0,3979.0,154731.0
default,INV_FARM_001,2025-11-20,286,30.1,8613.2,258396.0,103358.0,1443.0,153595.0
default,INV_FARM_001,2025-11-21,304,26.2,7956.7,238701.0,95480.0,2042.0,141179.0
default,INV_FARM_001,2025-11-22,289,27.9,8075.2,242256.0,96902.0,3327.0,142027.0
default,INV_FARM_001,2025-11-23,289,27.8,8043.2,241296.0,96518.0,3650.0,141128.0
default,INV_FARM_001,2025-11-24,287,25.7,7385.8,221574.0,88630.0,3853.0,129091.0
default,INV_FARM_001,2025-11-25,310,30.4,9416.4,282492.0,112997.0,3371.0,166124.0
default,INV_FARM_001,2025-11-26,298,28.1,8368.6,251058.0,100423.0,2254.0,148381.0
default,INV_FARM_001,2025-11-27,286,27.6,7897.7,236931.0,94772.0,2802.0,139357.0
default,INV_FARM_001,2025-11-28,305,30.4,9265.9,277977.0,111191.0,3851.0,162935.0
default,INV_FARM_001,2025-11-29,302,29.6,8944.4,268332.0,107333.0,2106.0,158893.0
default,INV_FARM_001,2025-11-30,295,26.0,7667.6,230028.0,92011.0,3679.0,134338.0
default,INV_FARM_001,2025-12-01,305,29.0,8843.9,265317.0,106127.0,1975.0,157215.0
default,INV_FARM_001,2025-12-02,311,28.9,8972.8,269184.0,107674.0,3688.0,157822.0
default,INV_FARM_001,2025-12-03,298,29.0,8645.5,259365.0,103746.0,2900.0,152719.0
default,INV_FARM_001,2025-12-04,315,31.6,9947.0,298410.0,119364.0,1104.0,177942.0
default,INV_FARM_001,2025-12-05,292,27.0,7894.8,236844.0,94738.0,3175.0,138931.0
default,INV_FARM_001,2025-12-06,295,26.7,7863.9,235917.0,94367.0,3880.0,137670.0
default,INV_FARM_001,2025-12-07,288,30.8,8861.2,265836.0,106334.0,3757.0,155745.0
default,INV_FARM_001,2025-12-08,302,28.8,8702.3,261069.0,104428.0,2547.0,154094.0
default,INV_FARM_001,2025-12-09,312,28.0,8740.9,262227.0,104891.0,3690.0,153646.0
default,INV_FARM_001,2025-12-10,297,29.8,8852.2,265566.0,106226.0,4000.0,155340.0
default,INV_FARM_001,2025-12-11,313,32.1,10051.3,301539.0,120616.0,1153.0,179770.0
default,INV_FARM_001,2025-12-12,294,31.3,9203.8,276114.0,110446.0,2664.0,163004.0
default,INV_FARM_001,2025-12-13,297,29.9,8889.9,266697.0,106679.0,2931.0,157087.0
default,INV_FARM_001,2025-12-14,295,27.3,8045.1,241353.0,96541.0,3259.0,141553.0
default,INV_FARM_001,2025-12-15,301,27.1,8148.3,244449.0,97780.0,4108.0,142561.0
default,INV_FARM_001,2025-12-16,286,26.4,7543.4,226302.0,90521.0,1901.0,133880.0
default,INV_FARM_001,2025-12-17,305,31.4,9567.6,287028.0,114811.0,4028.0,168189.0
default,INV_FARM_001,2025-12-18,302,26.3,7938.9,238167.0,95267.0,3878.0,139022.0
default,INV_FARM_001,2025-12-19,291,27.8,8091.7,242751.0,97100.0,2711.0,142940.0
default,INV_FARM_001,2025-12-20,303,30.3,9172.9,275187.0,110075.0,3366.0,161746.0
default,INV_FARM_001,2025-12-21,289,31.1,9001.7,270051.0,108020.0,4058.0,157973.0
default,INV_FARM_001,2025-12-22,315,27.4,8630.3,258909.0,103564.0,2471.0,152874.0
default,INV_FARM_001,2025-12-23,307,29.0,8889.8,266694.0,106678.0,1292.0,158724.0
default,INV_FARM_001,2025-12-24,299,27.6,8239.7,247191.0,98876.0,1429.0,146886.0
default,INV_FARM_001,2025-12-25,291,30.2,8777.0,263310.0,105324.0,2449.0,155537.0
default,INV_FARM_001,2025-12-26,286,30.3,8673.1,260193.0,104077.0,4096.0,152020.0
default,INV_FARM_001,2025-12-27,315,30.5,9596.1,287883.0,115153.0,2420.0,170310.0
default,INV_FARM_001,2025-12-28,302,27.6,8324.2,249726.0,99890.0,3254.0,146582.0
default,INV_FARM_001,2025-12-29,290,28.5,8274.8,248244.0,99298.0,1772.0,147174.0
default,INV_FARM_001,2025-12-30,301,30.7,9245.9,277377.0,110951.0,3104.0,163322.0
default,INV_FARM_001,2025-12-31,311,29.5,9171.3,275139.0,110056.0,3598.0,161485.0
default,INV_FARM_001,2026-01-01,304,24.7,7501.4,225042.0,90017.0,2042.0,132983.0
default,INV_FARM_001,2026-01-02,300,26.8,8054.7,241641.0,96656.0,2282.0,142703.0
default,INV_FARM_001,2026-01-03,303,27.0,8180.1,245403.0,98161.0,1264.0,145978.0
default,INV_FARM_001,2026-01-04,294,26.7,7848.1,235443.0,94177.0,1424.0,139842.0
default,INV_FARM_001,2026-01-05,286,25.6,7327.0,219810.0,87924.0,3904.0,127982.0
default,INV_FARM_001,2026-01-06,288,25.8,7422.6,222678.0,89071.0,1414.0,132193.0
default,INV_FARM_001,2026-01-07,293,23.9,7011.7,210351.0,84140.0,3364.0,122847.0
default,INV_FARM_001,2026-01-08,307,27.6,8458.0,253740.0,101496.0,3227.0,149017.0
default,INV_FARM_001,2026-01-09,310,24.9,7715.5,231465.0,92586.0,4329.0,134550.0
default,INV_FARM_001,2026-01-10,301,24.4,7358.0,220740.0,88296.0,2266.0,130178.0
default,INV_FARM_001,2026-01-11,298,24.4,7270.5,218115.0,87246.0,3846.0,127023.0
default,INV_FARM_001,2026-01-12,296,23.8,7053.9,211617.0,84647.0,3167.0,123803.0
default,INV_FARM_001,2026-01-13,293,26.0,7621.3,228639.0,91456.0,2645.0,134538.0
default,INV_FARM_001,2026-01-14,306,27.7,8487.0,254610.0,101844.0,2747.0,150019.0
default,INV_FARM_001,2026-01-15,285,24.3,6915.5,207465.0,82986.0,2373.0,122106.0
default,INV_FARM_001,2026-01-16,312,24.2,7560.3,226809.0,90724.0,4477.0,131608.0
default,INV_FARM_001,2026-01-17,315,26.7,8420.3,252609.0,101044.0,3765.0,147800.0
default,INV_FARM_001,2026-01-18,310,25.1,7779.4,233382.0,93353.0,3285.0,136744.0
default,INV_FARM_001,2026-01-19,285,26.4,7532.1,225963.0,90385.0,2737.0,132841.0
default,INV_FARM_001,2026-01-20,295,26.9,7935.3,238059.0,95224.0,1579.0,141256.0
default,INV_FARM_001,2026-01-21,294,23.6,6939.3,208179.0,83272.0,4048.0,120859.0
default,INV_FARM_001,2026-01-22,287,22.5,6466.5,193995.0,77598.0,887.0,115510.0
default,INV_FARM_001,2026-01-23,310,24.4,7573.9,227217.0,90887.0,2987.0,133343.0
default,INV_FARM_001,2026-01-24,304,26.4,8029.1,240873.0,96349.0,3009.0,141515.0
default,INV_FARM_001,2026-01-25,300,23.3,6975.8,209274.0,83710.0,4457.0,121107.0
default,INV_FARM_001,2026-01-26,310,25.5,7898.0,236940.0,94776.0,3548.0,138616.0
default,INV_FARM_001,2026-01-27,298,26.3,7830.6,234918.0,93967.0,3476.0,137475.0
default,INV_FARM_001,2026-01-28,312,25.8,8035.7,241071.0,96428.0,3490.0,141153.0
default,INV_FARM_001,2026-01-29,314,22.9,7187.6,215628.0,86251.0,1778.0,127599.0
default,INV_FARM_001,2026-01-30,304,23.5,7143.1,214293.0,85717.0,3014.0,125562.0
default,INV_FARM_001,2026-01-31,300,24.9,7458.6,223758.0,89503.0,1403.0,132852.0
default,INV_FARM_001,2026-02-01,312,25.6,7986.0,239580.0,95832.0,1671.0,142077.0
default,INV_FARM_001,2026-02-02,310,25.0,7750.0,232500.0,93000.0,2481.0,137019.0
default,INV_FARM_001,2026-02-03,299,27.4,8188.7,245661.0,98264.0,2787.0,144610.0
default,INV_FARM_001,2026-02-04,306,27.0,8248.3,247449.0,98980.0,4471.0,143998.0
default,INV_FARM_001,2026-02-05,314,26.0,8157.7,244731.0,97892.0,1451.0,145388.0
default,INV_FARM_001,2026-02-06,296,27.4,8108.3,243249.0,97300.0,4445.0,141504.0
default,INV_FARM_001,2026-02-07,291,24.4,7094.4,212832.0,85133.0,3617.0,124082.0
default,INV_FARM_001,2026-02-08,303,26.7,8094.1,242823.0,97129.0,1312.0,144382.0
default,INV_FARM_001,2026-02-09,287,25.4,7294.4,218832.0,87533.0,3367.0,127932.0
default,INV_FARM_001,2026-02-10,309,26.7,8240.1,247203.0,98881.0,3996.0,144326.0
default,INV_FARM_001,2026-02-11,287,23.2,6645.6,199368.0,79747.0,844.0,118777.0
default,INV_FARM_001,2026-02-12,315,26.4,8323.0,249690.0,99876.0,4223.0,145591.0
default,INV_FARM_001,2026-02-13,307,24.8,7623.4,228702.0,91481.0,1354.0,135867.0
default,INV_FARM_001,2026-02-14,295,26.6,7846.6,235398.0,94159.0,1822.0,139417.0
default,INV_FARM_001,2026-02-15,313,26.8,8386.7,251601.0,100640.0,3375.0,147586.0
default,INV_FARM_001,2026-02-16,294,25.9,7618.8,228564.0,91426.0,1839.0,135299.0
default,INV_FARM_001,2026-02-17,303,27.2,8235.4,247062.0,98825.0,1128.0,147109.0
default,INV_FARM_001,2026-02-18,301,27.1,8170.9,245127.0,98051.0,1332.0,145744.0
default,INV_FARM_001,2026-02-19,294,25.4,7466.4,223992.0,89597.0,1539.0,132856.0
default,INV_FARM_001,2026-02-20,303,23.0,6980.3,209409.0,83764.0,2816.0,122829.0
default,INV_FARM_001,2026-02-21,304,24.5,7433.0,222990.0,89196.0,1547.0,132247.0
default,INV_FARM_001,2026-02-22,309,25.2,7796.6,233898.0,93559.0,2887.0,137452.0
default,INV_FARM_001,2026-02-23,311,23.6,7339.5,220185.0,88074.0,2544.0,129567.0
default,INV_FARM_001,2026-02-24,301,23.0,6922.0,207660.0,83064.0,4281.0,120315.0
default,INV_FARM_001,2026-02-25,307,28.2,8668.8,260064.0,104026.0,2274.0,153764.0
default,INV_FARM_001,2026-02-26,297,25.0,7413.8,222414.0,88966.0,4492.0,128956.0
default,INV_FARM_001,2026-02-27,289,27.6,7978.6,239358.0,95743.0,3863.0,139752.0
default,INV_FARM_001,2026-02-28,291,24.9,7257.2,217716.0,87086.0,3343.0,127287.0
default,INV_FARM_001,2026-03-01,315,27.4,8630.1,258903.0,103561.0,3807.0,151535.0
default,INV_FARM_001,2026-03-02,305,27.7,8458.4,253752.0,101501.0,959.0,151292.0
default,INV_FARM_001,2026-03-03,300,27.7,8300.3,249009.0,99604.0,2551.0,146854.0
default,INV_FARM_001,2026-03-04,304,24.7,7498.0,224940.0,89976.0,1098.0,133866.0
default,INV_FARM_001,2026-03-05,306,26.6,8125.6,243768.0,97507.0,1245.0,145016.0
default,INV_FARM_001,2026-03-06,301,24.9,7506.1,225183.0,90073.0,2022.0,133088.0
default,INV_FARM_001,2026-03-07,305,25.9,7902.8,237084.0,94834.0,2815.0,139435.0
default,INV_FARM_001,2026-03-08,306,28.4,8692.3,260769.0,104308.0,3353.0,153108.0
default,INV_FARM_001,2026-03-09,308,25.6,7895.3,236859.0,94744.0,1308.0,140807.0
default,INV_FARM_001,2026-03-10,301,24.7,7441.6,223248.0,89299.0,2802.0,131147.0
default,INV_FARM_001,2026-03-11,308,28.0,8616.4,258492.0,103397.0,3101.0,151994.0
default,INV_FARM_001,2026-03-12,313,28.2,8823.6,264708.0,105883.0,1295.0,157530.0
default,INV_FARM_001,2026-03-13,296,28.2,8354.4,250632.0,100253.0,881.0,149498.0
default,INV_FARM_001,2026-03-14,286,26.3,7514.3,225429.0,90172.0,2352.0,132905.0
default,INV_FARM_001,2026-03-15,314,25.4,7962.7,238881.0,95552.0,1819.0,141510.0
default,INV_FARM_001,2026-03-16,308,28.1,8642.0,259260.0,103704.0,2752.0,152804.0
default,INV_FARM_001,2026-03-17,296,23.2,6869.9,206097.0,82439.0,4150.0,119508.0
default,INV_FARM_001,2026-03-18,285,23.3,6654.2,199626.0,79850.0,3623.0,116153.0
default,INV_FARM_001,2026-03-19,286,24.4,6965.2,208956.0,83582.0,1808.0,123566.0
default,INV_FARM_001,2026-03-20,299,24.7,7388.4,221652.0,88661.0,1073.0,131918.0
default,INV_FARM_001,2026-03-21,288,28.2,8132.1,243963.0,97585.0,3227.0,143151.0
default,INV_FARM_001,2026-03-22,285,25.1,7153.8,214614.0,85846.0,957.0,127811.0
default,INV_FARM_001,2026-03-23,299,25.1,7509.3,225279.0,90112.0,1555.0,133612.0
default,INV_FARM_001,2026-03-24,288,27.9,8024.6,240738.0,96295.0,3769.0,140674.0
default,INV_FARM_001,2026-03-25,290,25.2,7314.4,219432.0,87773.0,1821.0,129838.0
default,INV_FARM_001,2026-03-26,291,25.2,7338.1,220143.0,88057.0,2286.0,129800.0
default,INV_FARM_001,2026-03-27,311,23.3,7258.6,217758.0,87103.0,3569.0,127086.0
default,INV_FARM_001,2026-03-28,286,28.8,8229.5,246885.0,98754.0,2897.0,145234.0
default,INV_FARM_001,2026-03-29,297,23.5,6982.1,209463.0,83785.0,874.0,124804.0
default,INV_FARM_001,2026-03-30,294,26.1,7685.2,230556.0,92222.0,1339.0,136995.0
default,INV_FARM_001,2026-03-31,288,28.4,8170.7,245121.0,98048.0,4489.0,142584.0
default,INV_FARM_001,2026-04-01,306,25.3,7754.6,232638.0,93055.0,2237.0,137346.0
default,INV_FARM_001,2026-04-02,301,23.6,7089.1,212673.0,85069.0,4131.0,123473.0
default,INV_FARM_001,2026-04-03,307,25.6,7873.3,236199.0,94480.0,4421.0,137298.0
default,INV_FARM_001,2026-04-04,306,24.8,7585.7,227571.0,91028.0,4205.0,132338.0
default,INV_FARM_001,2026-04-05,287,24.6,7065.7,211971.0,84788.0,3299.0,123884.0
default,INV_FARM_001,2026-04-06,288,27.2,7836.4,235092.0,94037.0,2317.0,138738.0
default,INV_FARM_001,2026-04-07,301,27.7,8335.7,250071.0,100028.0,3562.0,146481.0
default,INV_FARM_001,2026-04-08,286,27.4,7831.7,234951.0,93980.0,1752.0,139219.0
default,INV_FARM_001,2026-04-09,308,28.3,8723.9,261717.0,104687.0,2584.0,154446.0
default,INV_FARM_001,2026-04-10,311,27.5,8544.8,256344.0,102538.0,1701.0,152105.0
default,INV_FARM_001,2026-04-11,291,24.1,7001.8,210054.0,84022.0,2572.0,123460.0
default,INV_FARM_001,2026-04-12,288,27.8,8009.2,240276.0,96110.0,1836.0,142330.0
default,INV_FARM_001,2026-04-13,314,27.0,8482.0,254460.0,101784.0,4445.0,148231.0
default,INV_FARM_001,2026-04-14,307,25.3,7771.9,233157.0,93263.0,1250.0,138644.0
default,INV_FARM_001,2026-04-15,286,24.2,6923.8,207714.0,83086.0,4406.0,120222.0
default,INV_FARM_001,2026-04-16,287,27.6,7916.3,237489.0,94996.0,1731.0,140762.0
default,INV_FARM_001,2026-04-17,303,25.4,7684.2,230526.0,92210.0,3946.0,134370.0
default,INV_FARM_001,2026-04-18,313,28.5,8922.3,267669.0,107068.0,4469.0,156132.0
default,INV_FARM_001,2026-04-19,297,29.2,8658.2,259746.0,103898.0,3651.0,152197.0
default,INV_FARM_001,2026-04-20,309,25.4,7846.5,235395.0,94158.0,892.0,140345.0
default,INV_FARM_001,2026-04-21,314,28.3,8893.5,266805.0,106722.0,3082.0,157001.0
default,INV_FARM_001,2026-04-22,306,24.9,7619.5,228585.0,91434.0,4271.0,132880.0
default,INV_FARM_001,2026-04-23,286,25.1,7180.6,215418.0,86167.0,1398.0,127853.0
default,INV_FARM_001,2026-04-24,285,28.8,8203.2,246096.0,98438.0,1365.0,146293.0
default,INV_FARM_001,2026-04-25,288,24.6,7077.5,212325.0,84930.0,4266.0,123129.0
default,INV_FARM_001,2026-04-26,300,27.5,8245.1,247353.0,98941.0,2908.0,145504.0
default,INV_FARM_001,2026-04-27,294,24.0,7065.0,211950.0,84780.0,1768.0,125402.0
default,INV_FARM_001,2026-04-28,304,26.6,8096.4,242892.0,97157.0,3336.0,142399.0
default,INV_FARM_001,2026-04-29,306,29.0,8884.2,266526.0,106610.0,2222.0,157694.0
default,INV_FARM_001,2026-04-30,293,24.1,7051.8,211554.0,84622.0,990.0,125942.0
default,INV_FARM_001,2026-05-01,289,26.4,7626.5,228795.0,91518.0,1479.0,135798.0
default,INV_FARM_001,2026-05-02,295,24.3,7158.9,214767.0,85907.0,4055.0,124805.0
default,INV_FARM_001,2026-05-03,285,26.5,7550.2,226506.0,90602.0,2001.0,133903.0
default,INV_FARM_001,2026-05-04,287,28.6,8211.7,246351.0,98540.0,2424.0,145387.0
default,INV_FARM_001,2026-05-05,312,27.7,8627.9,258837.0,103535.0,3818.0,151484.0
default,INV_FARM_001,2026-05-06,303,23.7,7176.5,215295.0,86118.0,4174.0,125003.0
default,INV_FARM_001,2026-05-07,289,24.6,7104.7,213141.0,85256.0,1194.0,126691.0
default,INV_FARM_001,2026-05-08,288,28.7,8253.2,247596.0,99038.0,1572.0,146986.0
default,INV_FARM_001,2026-05-09,315,24.4,7690.6,230718.0,92287.0,1319.0,137112.0
