tenant_id,move_id,animal_id,move_date,from_pen,to_pen,reason
default,PM_000001,4821,2025-11-16,P_DRY_CLOSE_UP,P_FRESH,post_calving
default,PM_000002,4821,2025-12-07,P_FRESH,P_HIGH_PRO,lactation_curve_progression
default,PM_000003,4821,2026-03-16,P_HIGH_PRO,P_MID_PRO,yield_decline
default,PM_000004,3891,2025-07-10,P_DRY_CLOSE_UP,P_FRESH,post_calving
default,PM_000005,3891,2025-07-31,P_FRESH,P_HIGH_PRO,lactation_curve_progression
default,PM_000006,3891,2025-11-07,P_HIGH_PRO,P_MID_PRO,yield_decline
default,PM_000007,3142,2026-03-07,P_DRY_CLOSE_UP,P_FRESH,post_calving
default,PM_000008,3142,2026-03-28,P_FRESH,P_HIGH_PRO,lactation_curve_progression
default,PM_000009,3000,2025-04-01,P_DRY_CLOSE_UP,P_FRESH,post_calving
default,PM_000010,3000,2025-04-22,P_FRESH,P_HIGH_PRO,lactation_curve_progression
default,PM_000011,3000,2025-07-30,P_HIGH_PRO,P_MID_PRO,yield_decline
default,PM_000012,3001,2026-04-15,P_DRY_CLOSE_UP,P_FRESH,post_calving
default,PM_000013,3001,2026-05-06,P_FRESH,P_HIGH_PRO,lactation_curve_progression
default,PM_000014,3002,2026-01-02,P_DRY_CLOSE_UP,P_FRESH,post_calving
default,PM_000015,3002,2026-01-23,P_FRESH,P_HIGH_PRO,lactation_curve_progression
default,PM_000016,3003,2025-09-01,P_DRY_CLOSE_UP,P_FRESH,post_calving
default,PM_000017,3003,2025-09-22,P_FRESH,P_HIGH_PRO,lactation_curve_progression
default,PM_000018,3003,2025-12-30,P_HIGH_PRO,P_MID_PRO,yield_decline
default,PM_000019,3004,2025-04-11,P_DRY_CLOSE_UP,P_FRESH,post_calving
default,PM_000020,3004,2025-05-02,P_FRESH,P_HIGH_PRO,lactation_curve_progression
default,PM_000021,3004,2025-08-09,P_HIGH_PRO,P_MID_PRO,yield_decline
default,PM_000022,3005,2025-07-25,P_DRY_CLOSE_UP,P_FRESH,post_calving
default,PM_000023,3005,2025-08-15,P_FRESH,P_HIGH_PRO,lactation_curve_progression
default,PM_000024,3005,2025-11-22,P_HIGH_PRO,P_MID_PRO,yield_decline
default,PM_000025,3006,2025-10-29,P_DRY_CLOSE_UP,P_FRESH,post_calving
default,PM_000026,3006,2025-11-19,P_FRESH,P_HIGH_PRO,lactation_curve_progression
default,PM_000027,3006,2026-02-26,P_HIGH_PRO,P_MID_PRO,yield_decline
default,PM_000028,3007,2026-01-26,P_DRY_CLOSE_UP,P_FRESH,post_calving
default,PM_000029,3007,2026-02-16,P_FRESH,P_HIGH_PRO,lactation_curve_progression
default,PM_000030,3008,2026-04-20,P_DRY_CLOSE_UP,P_FRESH,post_calving
default,PM_000031,3008,2026-05-11,P_FRESH,P_HIGH_PRO,lactation_curve_progression
default,PM_000032,3009,2026-04-07,P_DRY_CLOSE_UP,P_FRESH,post_calving
default,PM_000033,3009,2026-04-28,P_FRESH,P_HIGH_PRO,lactation_curve_progression
default,PM_000034,3010,2025-08-05,P_DRY_CLOSE_UP,P_FRESH,post_calving
default,PM_000035,3010,2025-08-26,P_FRESH,P_HIGH_PRO,lactation_curve_progression
default,PM_000036,3010,2025-12-03,P_HIGH_PRO,P_MID_PRO,yield_decline
default,PM_000037,3011,2026-03-30,P_DRY_CLOSE_UP,P_FRESH,post_calving
default,PM_000038,3011,2026-04-20,P_FRESH,P_HIGH_PRO,lactation_curve_progression
default,PM_000039,3012,2026-02-16,P_DRY_CLOSE_UP,P_FRESH,post_calving
default,PM_000040,3012,2026-03-09,P_FRESH,P_HIGH_PRO,lactation_curve_progression
default,PM_000041,3013,2026-03-17,P_DRY_CLOSE_UP,P_FRESH,post_calving
default,PM_000042,3013,2026-04-07,P_FRESH,P_HIGH_PRO,lactation_curve_progression
default,PM_000043,3014,2026-01-15,P_DRY_CLOSE_UP,P_FRESH,post_calving
default,PM_000044,3014,2026-02-05,P_FRESH,P_HIGH_PRO,lactation_curve_progression
default,PM_000045,3015,2025-12-08,P_DRY_CLOSE_UP,P_FRESH,post_calving
default,PM_000046,3015,2025-12-29,P_FRESH,P_HIGH_PRO,lactation_curve_progression
default,PM_000047,3016,2026-02-22,P_DRY_CLOSE_UP,P_FRESH,post_calving
default,PM_000048,3016,2026-03-15,P_FRESH,P_HIGH_PRO,lactation_curve_progression
default,PM_000049,3017,2026-02-15,P_DRY_CLOSE_UP,P_FRESH,post_calving
default,PM_000050,3017,2026-03-08,P_FRESH,P_HIGH_PRO,lactation_curve_progression
default,PM_000051,3018,2025-12-02,P_DRY_CLOSE_UP,P_FRESH,post_calving
default,PM_000052,3018,2025-12-23,P_FRESH,P_HIGH_PRO,lactation_curve_progression
default,PM_000053,3019,2026-02-21,P_DRY_CLOSE_UP,P_FRESH,post_calving
default,PM_000054,3019,2026-03-14,P_FRESH,P_HIGH_PRO,lactation_curve_progression
default,PM_000055,3020,2025-09-15,P_DRY_CLOSE_UP,P_FRESH,post_calving
default,PM_000056,3020,2025-10-06,P_FRESH,P_HIGH_PRO,lactation_curve_progression
default,PM_000057,3020,2026-01-13,P_HIGH_PRO,P_MID_PRO,yield_decline
default,PM_000058,3021,2026-03-01,P_DRY_CLOSE_UP,P_FRESH,post_calving
default,PM_000059,3021,2026-03-22,P_FRESH,P_HIGH_PRO,lactation_curve_progression
default,PM_000060,3022,2026-04-03,P_DRY_CLOSE_UP,P_FRESH,post_calving
default,PM_000061,3022,2026-04-24,P_FRESH,P_HIGH_PRO,lactation_curve_progression
default,PM_000062,3023,2025-09-09,P_DRY_CLOSE_UP,P_FRESH,post_calving
default,PM_000063,3023,2025-09-30,P_FRESH,P_HIGH_PRO,lactation_curve_progression
default,PM_000064,3023,2026-01-07,P_HIGH_PRO,P_MID_PRO,yield_decline
default,PM_000065,3024,2025-03-22,P_DRY_CLOSE_UP,P_FRESH,post_calving
default,PM_000066,3024,2025-04-12,P_FRESH,P_HIGH_PRO,lactation_curve_progression
default,PM_000067,3024,2025-07-20,P_HIGH_PRO,P_MID_PRO,yield_decline
default,PM_000068,3025,2026-02-12,P_DRY_CLOSE_UP,P_FRESH,post_calving
default,PM_000069,3025,2026-03-05,P_FRESH,P_HIGH_PRO,lactation_curve_progression
default,PM_000070,3026,2025-04-26,P_DRY_CLOSE_UP,P_FRESH,post_calving
default,PM_000071,3026,2025-05-17,P_FRESH,P_HIGH_PRO,lactation_curve_progression
default,PM_000072,3026,2025-08-24,P_HIGH_PRO,P_MID_PRO,yield_decline
default,PM_000073,3027,2026-03-27,P_DRY_CLOSE_UP,P_FRESH,post_calving
default,PM_000074,3027,2026-04-17,P_FRESH,P_HIGH_PRO,lactation_curve_progression
default,PM_000075,3028,2025-11-17,P_DRY_CLOSE_UP,P_FRESH,post_calving
default,PM_000076,3028,2025-12-08,P_FRESH,P_HIGH_PRO,lactation_curve_progression
default,PM_000077,3028,2026-03-17,P_HIGH_PRO,P_MID_PRO,yield_decline
default,PM_000078,3029,2025-09-19,P_DRY_CLOSE_UP,P_FRESH,post_calving
default,PM_000079,3029,2025-10-10,P_FRESH,P_HIGH_PRO,lactation_curve_progression
default,PM_000080,3029,2026-01-17,P_HIGH_PRO,P_MID_PRO,yield_decline
default,PM_000081,3030,2026-03-01,P_DRY_CLOSE_UP,P_FRESH,post_calving
default,PM_000082,3030,2026-03-22,P_FRESH,P_HIGH_PRO,lactation_curve_progression
default,PM_000083,3031,2026-04-18,P_DRY_CLOSE_UP,P_FRESH,post_calving
default,PM_000084,3031,2026-05-09,P_FRESH,P_HIGH_PRO,lactation_curve_progression
default,PM_000085,3032,2025-04-06,P_DRY_CLOSE_UP,P_FRESH,post_calving
default,PM_000086,3032,2025-04-27,P_FRESH,P_HIGH_PRO,lactation_curve_progression
default,PM_000087,3032,2025-08-04,P_HIGH_PRO,P_MID_PRO,yield_decline
default,PM_000088,3033,2025-09-25,P_DRY_CLOSE_UP,P_FRESH,post_calving
default,PM_000089,3033,2025-10-16,P_FRESH,P_HIGH_PRO,lactation_curve_progression
default,PM_000090,3033,2026-01-23,P_HIGH_PRO,P_MID_PRO,yield_decline
default,PM_000091,3034,2025-11-17,P_DRY_CLOSE_UP,P_FRESH,post_calving
default,PM_000092,3034,2025-12-08,P_FRESH,P_HIGH_PRO,lactation_curve_progression
default,PM_000093,3034,2026-03-17,P_HIGH_PRO,P_MID_PRO,yield_decline
default,PM_000094,3035,2025-06-28,P_DRY_CLOSE_UP,P_FRESH,post_calving
default,PM_000095,3035,2025-07-19,P_FRESH,P_HIGH_PRO,lactation_curve_progression
default,PM_000096,3035,2025-10-26,P_HIGH_PRO,P_MID_PRO,yield_decline
default,PM_000097,3036,2025-08-15,P_DRY_CLOSE_UP,P_FRESH,post_calving
default,PM_000098,3036,2025-09-05,P_FRESH,P_HIGH_PRO,lactation_curve_progression
default,PM_000099,3036,2025-12-13,P_HIGH_PRO,P_MID_PRO,yield_decline
default,PM_000100,3037,2026-01-16,P_DRY_CLOSE_UP,P_FRESH,post_calving
default,PM_000101,3037,2026-02-06,P_FRESH,P_HIGH_PRO,lactation_curve_progression
default,PM_000102,3038,2026-02-11,P_DRY_CLOSE_UP,P_FRESH,post_calving
default,PM_000103,3038,2026-03-04,P_FRESH,P_HIGH_PRO,lactation_curve_progression
default,PM_000104,3039,2026-03-29,P_DRY_CLOSE_UP,P_FRESH,post_calving
default,PM_000105,3039,2026-04-19,P_FRESH,P_HIGH_PRO,lactation_curve_progression
default,PM_000106,3040,2026-01-29,P_DRY_CLOSE_UP,P_FRESH,post_calving
default,PM_000107,3040,2026-02-19,P_FRESH,P_HIGH_PRO,lactation_curve_progression
default,PM_000108,3041,2026-03-28,P_DRY_CLOSE_UP,P_FRESH,post_calving
default,PM_000109,3041,2026-04-18,P_FRESH,P_HIGH_PRO,lactation_curve_progression
default,PM_000110,3042,2026-04-16,P_DRY_CLOSE_UP,P_FRESH,post_calving
default,PM_000111,3042,2026-05-07,P_FRESH,P_HIGH_PRO,lactation_curve_progression
default,PM_000112,3043,2025-10-11,P_DRY_CLOSE_UP,P_FRESH,post_calving
default,PM_000113,3043,2025-11-01,P_FRESH,P_HIGH_PRO,lactation_curve_progression
default,PM_000114,3043,2026-02-08,P_HIGH_PRO,P_MID_PRO,yield_decline
default,PM_000115,3044,2025-06-11,P_DRY_CLOSE_UP,P_FRESH,post_calving
default,PM_000116,3044,2025-07-02,P_FRESH,P_HIGH_PRO,lactation_curve_progression
default,PM_000117,3044,2025-10-09,P_HIGH_PRO,P_MID_PRO,yield_decline
default,PM_000118,3045,2026-02-01,P_DRY_CLOSE_UP,P_FRESH,post_calving
default,PM_000119,3045,2026-02-22,P_FRESH,P_HIGH_PRO,lactation_curve_progression
default,PM_000120,3046,2025-06-24,P_DRY_CLOSE_UP,P_FRESH,post_calving
default,PM_000121,3046,2025-07-15,P_FRESH,P_HIGH_PRO,lactation_curve_progression
default,PM_000122,3046,2025-10-22,P_HIGH_PRO,P_MID_PRO,yield_decline
default,PM_000123,3047,2025-06-24,P_DRY_CLOSE_UP,P_FRESH,post_calving
default,PM_000124,3047,2025-07-15,P_FRESH,P_HIGH_PRO,lactation_curve_progression
default,PM_000125,3047,2025-10-22,P_HIGH_PRO,P_MID_PRO,yield_decline
default,PM_000126,3048,2025-09-11,P_DRY_CLOSE_UP,P_FRESH,post_calving
default,PM_000127,3048,2025-10-02,P_FRESH,P_HIGH_PRO,lactation_curve_progression
default,PM_000128,3048,2026-01-09,P_HIGH_PRO,P_MID_PRO,yield_decline
default,PM_000129,3049,2026-01-10,P_DRY_CLOSE_UP,P_FRESH,post_calving
default,PM_000130,3049,2026-01-31,P_FRESH,P_HIGH_PRO,lactation_curve_progression
default,PM_000131,3050,2025-09-20,P_DRY_CLOSE_UP,P_FRESH,post_calving
default,PM_000132,3050,2025-10-11,P_FRESH,P_HIGH_PRO,lactation_curve_progression
default,PM_000133,3050,2026-01-18,P_HIGH_PRO,P_MID_PRO,yield_decline
default,PM_000134,3051,2026-02-05,P_DRY_CLOSE_UP,P_FRESH,post_calving
default,PM_000135,3051,2026-02-26,P_FRESH,P_HIGH_PRO,lactation_curve_progression
default,PM_000136,3052,2025-06-21,P_DRY_CLOSE_UP,P_FRESH,post_calving
default,PM_000137,3052,2025-07-12,P_FRESH,P_HIGH_PRO,lactation_curve_progression
default,PM_000138,3052,2025-10-19,P_HIGH_PRO,P_MID_PRO,yield_decline
default,PM_000139,3053,2026-03-04,P_DRY_CLOSE_UP,P_FRESH,post_calving
default,PM_000140,3053,2026-03-25,P_FRESH,P_HIGH_PRO,lactation_curve_progression
default,PM_000141,3054,2026-04-18,P_DRY_CLOSE_UP,P_FRESH,post_calving
default,PM_000142,3054,2026-05-09,P_FRESH,P_HIGH_PRO,lactation_curve_progression
default,PM_000143,3055,2025-07-08,P_DRY_CLOSE_UP,P_FRESH,post_calving
default,PM_000144,3055,2025-07-29,P_FRESH,P_HIGH_PRO,lactation_curve_progression
default,PM_000145,3055,2025-11-05,P_HIGH_PRO,P_MID_PRO,yield_decline
default,PM_000146,3056,2026-03-28,P_DRY_CLOSE_UP,P_FRESH,post_calving
default,PM_000147,3056,2026-04-18,P_FRESH,P_HIGH_PRO,lactation_curve_progression
default,PM_000148,3057,2026-04-13,P_DRY_CLOSE_UP,P_FRESH,post_calving
default,PM_000149,3057,2026-05-04,P_FRESH,P_HIGH_PRO,lactation_curve_progression
default,PM_000150,3058,2026-04-02,P_DRY_CLOSE_UP,P_FRESH,post_calving
default,PM_000151,3058,2026-04-23,P_FRESH,P_HIGH_PRO,lactation_curve_progression
default,PM_000152,3059,2026-02-14,P_DRY_CLOSE_UP,P_FRESH,post_calving
default,PM_000153,3059,2026-03-07,P_FRESH,P_HIGH_PRO,lactation_curve_progression
default,PM_000154,3060,2025-11-03,P_DRY_CLOSE_UP,P_FRESH,post_calving
default,PM_000155,3060,2025-11-24,P_FRESH,P_HIGH_PRO,lactation_curve_progression
default,PM_000156,3060,2026-03-03,P_HIGH_PRO,P_MID_PRO,yield_decline
default,PM_000157,3061,2025-04-18,P_DRY_CLOSE_UP,P_FRESH,post_calving
default,PM_000158,3061,2025-05-09,P_FRESH,P_HIGH_PRO,lactation_curve_progression
default,PM_000159,3061,2025-08-16,P_HIGH_PRO,P_MID_PRO,yield_decline
default,PM_000160,3062,2025-11-30,P_DRY_CLOSE_UP,P_FRESH,post_calving
default,PM_000161,3062,2025-12-21,P_FRESH,P_HIGH_PRO,lactation_curve_progression
default,PM_000162,3063,2025-11-12,P_DRY_CLOSE_UP,P_FRESH,post_calving
default,PM_000163,3063,2025-12-03,P_FRESH,P_HIGH_PRO,lactation_curve_progression
default,PM_000164,3063,2026-03-12,P_HIGH_PRO,P_MID_PRO,yield_decline
default,PM_000165,3064,2026-03-26,P_DRY_CLOSE_UP,P_FRESH,post_calving
default,PM_000166,3064,2026-04-16,P_FRESH,P_HIGH_PRO,lactation_curve_progression
default,PM_000167,3065,2025-11-25,P_DRY_CLOSE_UP,P_FRESH,post_calving
default,PM_000168,3065,2025-12-16,P_FRESH,P_HIGH_PRO,lactation_curve_progression
default,PM_000169,3066,2025-10-14,P_DRY_CLOSE_UP,P_FRESH,post_calving
default,PM_000170,3066,2025-11-04,P_FRESH,P_HIGH_PRO,lactation_curve_progression
default,PM_000171,3066,2026-02-11,P_HIGH_PRO,P_MID_PRO,yield_decline
default,PM_000172,3067,2026-01-21,P_DRY_CLOSE_UP,P_FRESH,post_calving
default,PM_000173,3067,2026-02-11,P_FRESH,P_HIGH_PRO,lactation_curve_progression
default,PM_000174,3068,2026-04-03,P_DRY_CLOSE_UP,P_FRESH,post_calving
default,PM_000175,3068,2026-04-24,P_FRESH,P_HIGH_PRO,lactation_curve_progression
default,PM_000176,3069,2025-08-28,P_DRY_CLOSE_UP,P_FRESH,post_calving
default,PM_000177,3069,2025-09-18,P_FRESH,P_HIGH_PRO,lactation_curve_progression
default,PM_000178,3069,2025-12-26,P_HIGH_PRO,P_MID_PRO,yield_decline
default,PM_000179,3070,2025-12-11,P_DRY_CLOSE_UP,P_FRESH,post_calving
default,PM_000180,3070,2026-01-01,P_FRESH,P_HIGH_PRO,lactation_curve_progression
default,PM_000181,3071,2025-06-09,P_DRY_CLOSE_UP,P_FRESH,post_calving
default,PM_000182,3071,2025-06-30,P_FRESH,P_HIGH_PRO,lactation_curve_progression
default,PM_000183,3071,2025-10-07,P_HIGH_PRO,P_MID_PRO,yield_decline
default,PM_000184,3072,2026-03-14,P_DRY_CLOSE_UP,P_FRESH,post_calving
default,PM_000185,3072,2026-04-04,P_FRESH,P_HIGH_PRO,lactation_curve_progression
default,PM_000186,3073,2026-04-06,P_DRY_CLOSE_UP,P_FRESH,post_calving
default,PM_000187,3073,2026-04-27,P_FRESH,P_HIGH_PRO,lactation_curve_progression
default,PM_000188,3074,2025-10-05,P_DRY_CLOSE_UP,P_FRESH,post_calving
default,PM_000189,3074,2025-10-26,P_FRESH,P_HIGH_PRO,lactation_curve_progression
default,PM_000190,3074,2026-02-02,P_HIGH_PRO,P_MID_PRO,yield_decline
default,PM_000191,3075,2026-02-01,P_DRY_CLOSE_UP,P_FRESH,post_calving
default,PM_000192,3075,2026-02-22,P_FRESH,P_HIGH_PRO,lactation_curve_progression
default,PM_000193,3076,2025-09-23,P_DRY_CLOSE_UP,P_FRESH,post_calving
default,PM_000194,3076,2025-10-14,P_FRESH,P_HIGH_PRO,lactation_curve_progression
default,PM_000195,3076,2026-01-21,P_HIGH_PRO,P_MID_PRO,yield_decline
default,PM_000196,3077,2026-01-12,P_DRY_CLOSE_UP,P_FRESH,post_calving
default,PM_000197,3077,2026-02-02,P_FRESH,P_HIGH_PRO,lactation_curve_progression
default,PM_000198,3078,2026-03-11,P_DRY_CLOSE_UP,P_FRESH,post_calving
default,PM_000199,3078,2026-04-01,P_FRESH,P_HIGH_PRO,lactation_curve_progression
default,PM_000200,3079,2026-02-09,P_DRY_CLOSE_UP,P_FRESH,post_calving
default,PM_000201,3079,2026-03-02,P_FRESH,P_HIGH_PRO,lactation_curve_progression
default,PM_000202,3080,2026-02-03,P_DRY_CLOSE_UP,P_FRESH,post_calving
default,PM_000203,3080,2026-02-24,P_FRESH,P_HIGH_PRO,lactation_curve_progression
default,PM_000204,3081,2026-03-13,P_DRY_CLOSE_UP,P_FRESH,post_calving
default,PM_000205,3081,2026-04-03,P_FRESH,P_HIGH_PRO,lactation_curve_progression
default,PM_000206,3082,2025-11-11,P_DRY_CLOSE_UP,P_FRESH,post_calving
default,PM_000207,3082,2025-12-02,P_FRESH,P_HIGH_PRO,lactation_curve_progression
default,PM_000208,3082,2026-03-11,P_HIGH_PRO,P_MID_PRO,yield_decline
default,PM_000209,3083,2025-11-19,P_DRY_CLOSE_UP,P_FRESH,post_calving
default,PM_000210,3083,2025-12-10,P_FRESH,P_HIGH_PRO,lactation_curve_progression
default,PM_000211,3083,2026-03-19,P_HIGH_PRO,P_MID_PRO,yield_decline
default,PM_000212,3084,2025-11-01,P_DRY_CLOSE_UP,P_FRESH,post_calving
default,PM_000213,3084,2025-11-22,P_FRESH,P_HIGH_PRO,lactation_curve_progression
default,PM_000214,3084,2026-03-01,P_HIGH_PRO,P_MID_PRO,yield_decline
default,PM_000215,3085,2025-05-27,P_DRY_CLOSE_UP,P_FRESH,post_calving
default,PM_000216,3085,2025-06-17,P_FRESH,P_HIGH_PRO,lactation_curve_progression
default,PM_000217,3085,2025-09-24,P_HIGH_PRO,P_MID_PRO,yield_decline
default,PM_000218,3086,2025-11-02,P_DRY_CLOSE_UP,P_FRESH,post_calving
default,PM_000219,3086,2025-11-23,P_FRESH,P_HIGH_PRO,lactation_curve_progression
default,PM_000220,3086,2026-03-02,P_HIGH_PRO,P_MID_PRO,yield_decline
default,PM_000221,3087,2026-02-12,P_DRY_CLOSE_UP,P_FRESH,post_calving
default,PM_000222,3087,2026-03-05,P_FRESH,P_HIGH_PRO,lactation_curve_progression
default,PM_000223,3088,2026-02-09,P_DRY_CLOSE_UP,P_FRESH,post_calving
default,PM_000224,3088,2026-03-02,P_FRESH,P_HIGH_PRO,lactation_curve_progression
default,PM_000225,3089,2025-12-25,P_DRY_CLOSE_UP,P_FRESH,post_calving
default,PM_000226,3089,2026-01-15,P_FRESH,P_HIGH_PRO,lactation_curve_progression
default,PM_000227,3090,2025-11-19,P_DRY_CLOSE_UP,P_FRESH,post_calving
default,PM_000228,3090,2025-12-10,P_FRESH,P_HIGH_PRO,lactation_curve_progression
default,PM_000229,3090,2026-03-19,P_HIGH_PRO,P_MID_PRO,yield_decline
default,PM_000230,3091,2026-04-02,P_DRY_CLOSE_UP,P_FRESH,post_calving
default,PM_000231,3091,2026-04-23,P_FRESH,P_HIGH_PRO,lactation_curve_progression
default,PM_000232,3092,2025-03-25,P_DRY_CLOSE_UP,P_FRESH,post_calving
default,PM_000233,3092,2025-04-15,P_FRESH,P_HIGH_PRO,lactation_curve_progression
default,PM_000234,3092,2025-07-23,P_HIGH_PRO,P_MID_PRO,yield_decline
default,PM_000235,3093,2025-08-30,P_DRY_CLOSE_UP,P_FRESH,post_calving
default,PM_000236,3093,2025-09-20,P_FRESH,P_HIGH_PRO,lactation_curve_progression
default,PM_000237,3093,2025-12-28,P_HIGH_PRO,P_MID_PRO,yield_decline
default,PM_000238,3094,2025-12-14,P_DRY_CLOSE_UP,P_FRESH,post_calving
default,PM_000239,3094,2026-01-04,P_FRESH,P_HIGH_PRO,lactation_curve_progression
default,PM_000240,3095,2025-05-23,P_DRY_CLOSE_UP,P_FRESH,post_calving
default,PM_000241,3095,2025-06-13,P_FRESH,P_HIGH_PRO,lactation_curve_progression
default,PM_000242,3095,2025-09-20,P_HIGH_PRO,P_MID_PRO,yield_decline
default,PM_000243,3096,2026-01-08,P_DRY_CLOSE_UP,P_FRESH,post_calving
default,PM_000244,3096,2026-01-29,P_FRESH,P_HIGH_PRO,lactation_curve_progression
default,PM_000245,3097,2026-03-10,P_DRY_CLOSE_UP,P_FRESH,post_calving
default,PM_000246,3097,2026-03-31,P_FRESH,P_HIGH_PRO,lactation_curve_progression
default,PM_000247,3098,2025-10-02,P_DRY_CLOSE_UP,P_FRESH,post_calving
default,PM_000248,3098,2025-10-23,P_FRESH,P_HIGH_PRO,lactation_curve_progression
default,PM_000249,3098,2026-01-30,P_HIGH_PRO,P_MID_PRO,yield_decline
default,PM_000250,3099,2026-03-31,P_DRY_CLOSE_UP,P_FRESH,post_calving
default,PM_000251,3099,2026-04-21,P_FRESH,P_HIGH_PRO,lactation_curve_progression
default,PM_000252,3100,2026-02-27,P_DRY_CLOSE_UP,P_FRESH,post_calving
default,PM_000253,3100,2026-03-20,P_FRESH,P_HIGH_PRO,lactation_curve_progression
default,PM_000254,3101,2026-02-22,P_DRY_CLOSE_UP,P_FRESH,post_calving
default,PM_000255,3101,2026-03-15,P_FRESH,P_HIGH_PRO,lactation_curve_progression
default,PM_000256,3102,2026-04-03,P_DRY_CLOSE_UP,P_FRESH,post_calving
default,PM_000257,3102,2026-04-24,P_FRESH,P_HIGH_PRO,lactation_curve_progression
default,PM_000258,3103,2025-05-10,P_DRY_CLOSE_UP,P_FRESH,post_calving
default,PM_000259,3103,2025-05-31,P_FRESH,P_HIGH_PRO,lactation_curve_progression
default,PM_000260,3103,2025-09-07,P_HIGH_PRO,P_MID_PRO,yield_decline
default,PM_000261,3104,2026-01-29,P_DRY_CLOSE_UP,P_FRESH,post_calving
default,PM_000262,3104,2026-02-19,P_FRESH,P_HIGH_PRO,lactation_curve_progression
default,PM_000263,3105,2025-07-01,P_DRY_CLOSE_UP,P_FRESH,post_calving
default,PM_000264,3105,2025-07-22,P_FRESH,P_HIGH_PRO,lactation_curve_progression
default,PM_000265,3105,2025-10-29,P_HIGH_PRO,P_MID_PRO,yield_decline
default,PM_000266,3106,2025-11-15,P_DRY_CLOSE_UP,P_FRESH,post_calving
default,PM_000267,3106,2025-12-06,P_FRESH,P_HIGH_PRO,lactation_curve_progression
default,PM_000268,3106,2026-03-15,P_HIGH_PRO,P_MID_PRO,yield_decline
default,PM_000269,3107,2026-01-03,P_DRY_CLOSE_UP,P_FRESH,post_calving
default,PM_000270,3107,2026-01-24,P_FRESH,P_HIGH_PRO,lactation_curve_progression
default,PM_000271,3108,2025-10-01,P_DRY_CLOSE_UP,P_FRESH,post_calving
default,PM_000272,3108,2025-10-22,P_FRESH,P_HIGH_PRO,lactation_curve_progression
default,PM_000273,3108,2026-01-29,P_HIGH_PRO,P_MID_PRO,yield_decline
default,PM_000274,3109,2025-12-12,P_DRY_CLOSE_UP,P_FRESH,post_calving
default,PM_000275,3109,2026-01-02,P_FRESH,P_HIGH_PRO,lactation_curve_progression
default,PM_000276,3110,2025-04-06,P_DRY_CLOSE_UP,P_FRESH,post_calving
default,PM_000277,3110,2025-04-27,P_FRESH,P_HIGH_PRO,lactation_curve_progression
default,PM_000278,3110,2025-08-04,P_HIGH_PRO,P_MID_PRO,yield_decline
default,PM_000279,3111,2025-10-09,P_DRY_CLOSE_UP,P_FRESH,post_calving
default,PM_000280,3111,2025-10-30,P_FRESH,P_HIGH_PRO,lactation_curve_progression
default,PM_000281,3111,2026-02-06,P_HIGH_PRO,P_MID_PRO,yield_decline
default,PM_000282,3112,2025-05-17,P_DRY_CLOSE_UP,P_FRESH,post_calving
default,PM_000283,3112,2025-06-07,P_FRESH,P_HIGH_PRO,lactation_curve_progression
default,PM_000284,3112,2025-09-14,P_HIGH_PRO,P_MID_PRO,yield_decline
default,PM_000285,3113,2025-10-22,P_DRY_CLOSE_UP,P_FRESH,post_calving
default,PM_000286,3113,2025-11-12,P_FRESH,P_HIGH_PRO,lactation_curve_progression
default,PM_000287,3113,2026-02-19,P_HIGH_PRO,P_MID_PRO,yield_decline
default,PM_000288,3114,2025-06-22,P_DRY_CLOSE_UP,P_FRESH,post_calving
default,PM_000289,3114,2025-07-13,P_FRESH,P_HIGH_PRO,lactation_curve_progression
default,PM_000290,3114,2025-10-20,P_HIGH_PRO,P_MID_PRO,yield_decline
default,PM_000291,3115,2026-04-20,P_DRY_CLOSE_UP,P_FRESH,post_calving
default,PM_000292,3115,2026-05-11,P_FRESH,P_HIGH_PRO,lactation_curve_progression
default,PM_000293,3116,2025-11-24,P_DRY_CLOSE_UP,P_FRESH,post_calving
default,PM_000294,3116,2025-12-15,P_FRESH,P_HIGH_PRO,lactation_curve_progression
default,PM_000295,3117,2026-01-02,P_DRY_CLOSE_UP,P_FRESH,post_calving
default,PM_000296,3117,2026-01-23,P_FRESH,P_HIGH_PRO,lactation_curve_progression
default,PM_000297,3118,2025-03-20,P_DRY_CLOSE_UP,P_FRESH,post_calving
default,PM_000298,3118,2025-04-10,P_FRESH,P_HIGH_PRO,lactation_curve_progression
default,PM_000299,3118,2025-07-18,P_HIGH_PRO,P_MID_PRO,yield_decline
default,PM_000300,3119,2025-12-22,P_DRY_CLOSE_UP,P_FRESH,post_calving
default,PM_000301,3119,2026-01-12,P_FRESH,P_HIGH_PRO,lactation_curve_progression
default,PM_000302,3120,2025-08-02,P_DRY_CLOSE_UP,P_FRESH,post_calving
default,PM_000303,3120,2025-08-23,P_FRESH,P_HIGH_PRO,lactation_curve_progression
default,PM_000304,3120,2025-11-30,P_HIGH_PRO,P_MID_PRO,yield_decline
default,PM_000305,3121,2025-05-24,P_DRY_CLOSE_UP,P_FRESH,post_calving
default,PM_000306,3121,2025-06-14,P_FRESH,P_HIGH_PRO,lactation_curve_progression
default,PM_000307,3121,2025-09-21,P_HIGH_PRO,P_MID_PRO,yield_decline
default,PM_000308,3122,2025-12-16,P_DRY_CLOSE_UP,P_FRESH,post_calving
default,PM_000309,3122,2026-01-06,P_FRESH,P_HIGH_PRO,lactation_curve_progression
default,PM_000310,3123,2026-02-18,P_DRY_CLOSE_UP,P_FRESH,post_calving
default,PM_000311,3123,2026-03-11,P_FRESH,P_HIGH_PRO,lactation_curve_progression
default,PM_000312,3124,2025-10-10,P_DRY_CLOSE_UP,P_FRESH,post_calving
default,PM_000313,3124,2025-10-31,P_FRESH,P_HIGH_PRO,lactation_curve_progression
default,PM_000314,3124,2026-02-07,P_HIGH_PRO,P_MID_PRO,yield_decline
default,PM_000315,3125,2025-08-12,P_DRY_CLOSE_UP,P_FRESH,post_calving
default,PM_000316,3125,2025-09-02,P_FRESH,P_HIGH_PRO,lactation_curve_progression
default,PM_000317,3125,2025-12-10,P_HIGH_PRO,P_MID_PRO,yield_decline
default,PM_000318,3126,2025-04-15,P_DRY_CLOSE_UP,P_FRESH,post_calving
default,PM_000319,3126,2025-05-06,P_FRESH,P_HIGH_PRO,lactation_curve_progression
default,PM_000320,3126,2025-08-13,P_HIGH_PRO,P_MID_PRO,yield_decline
default,PM_000321,3127,2026-03-11,P_DRY_CLOSE_UP,P_FRESH,post_calving
default,PM_000322,3127,2026-04-01,P_FRESH,P_HIGH_PRO,lactation_curve_progression
default,PM_000323,3128,2025-11-02,P_DRY_CLOSE_UP,P_FRESH,post_calving
default,PM_000324,3128,2025-11-23,P_FRESH,P_HIGH_PRO,lactation_curve_progression
default,PM_000325,3128,2026-03-02,P_HIGH_PRO,P_MID_PRO,yield_decline
default,PM_000326,3129,2025-05-19,P_DRY_CLOSE_UP,P_FRESH,post_calving
default,PM_000327,3129,2025-06-09,P_FRESH,P_HIGH_PRO,lactation_curve_progression
default,PM_000328,3129,2025-09-16,P_HIGH_PRO,P_MID_PRO,yield_decline
default,PM_000329,3130,2025-03-27,P_DRY_CLOSE_UP,P_FRESH,post_calving
default,PM_000330,3130,2025-04-17,P_FRESH,P_HIGH_PRO,lactation_curve_progression
default,PM_000331,3130,2025-07-25,P_HIGH_PRO,P_MID_PRO,yield_decline
default,PM_000332,3131,2025-11-26,P_DRY_CLOSE_UP,P_FRESH,post_calving
default,PM_000333,3131,2025-12-17,P_FRESH,P_HIGH_PRO,lactation_curve_progression
default,PM_000334,3132,2025-10-17,P_DRY_CLOSE_UP,P_FRESH,post_calving
default,PM_000335,3132,2025-11-07,P_FRESH,P_HIGH_PRO,lactation_curve_progression
default,PM_000336,3132,2026-02-14,P_HIGH_PRO,P_MID_PRO,yield_decline
default,PM_000337,3133,2025-10-30,P_DRY_CLOSE_UP,P_FRESH,post_calving
default,PM_000338,3133,2025-11-20,P_FRESH,P_HIGH_PRO,lactation_curve_progression
default,PM_000339,3133,2026-02-27,P_HIGH_PRO,P_MID_PRO,yield_decline
default,PM_000340,3134,2026-03-06,P_DRY_CLOSE_UP,P_FRESH,post_calving
default,PM_000341,3134,2026-03-27,P_FRESH,P_HIGH_PRO,lactation_curve_progression
default,PM_000342,3135,2026-04-01,P_DRY_CLOSE_UP,P_FRESH,post_calving
default,PM_000343,3135,2026-04-22,P_FRESH,P_HIGH_PRO,lactation_curve_progression
default,PM_000344,3136,2026-02-18,P_DRY_CLOSE_UP,P_FRESH,post_calving
default,PM_000345,3136,2026-03-11,P_FRESH,P_HIGH_PRO,lactation_curve_progression
default,PM_000346,3137,2026-03-07,P_DRY_CLOSE_UP,P_FRESH,post_calving
default,PM_000347,3137,2026-03-28,P_FRESH,P_HIGH_PRO,lactation_curve_progression
default,PM_000348,3138,2026-03-09,P_DRY_CLOSE_UP,P_FRESH,post_calving
default,PM_000349,3138,2026-03-30,P_FRESH,P_HIGH_PRO,lactation_curve_progression
default,PM_000350,3139,2025-07-24,P_DRY_CLOSE_UP,P_FRESH,post_calving
default,PM_000351,3139,2025-08-14,P_FRESH,P_HIGH_PRO,lactation_curve_progression
default,PM_000352,3139,2025-11-21,P_HIGH_PRO,P_MID_PRO,yield_decline
default,PM_000353,3140,2026-04-07,P_DRY_CLOSE_UP,P_FRESH,post_calving
default,PM_000354,3140,2026-04-28,P_FRESH,P_HIGH_PRO,lactation_curve_progression
default,PM_000355,3141,2025-07-26,P_DRY_CLOSE_UP,P_FRESH,post_calving
default,PM_000356,3141,2025-08-16,P_FRESH,P_HIGH_PRO,lactation_curve_progression
default,PM_000357,3141,2025-11-23,P_HIGH_PRO,P_MID_PRO,yield_decline
default,PM_000358,3143,2025-12-02,P_DRY_CLOSE_UP,P_FRESH,post_calving
default,PM_000359,3143,2025-12-23,P_FRESH,P_HIGH_PRO,lactation_curve_progression
default,PM_000360,3144,2025-05-13,P_DRY_CLOSE_UP,P_FRESH,post_calving
default,PM_000361,3144,2025-06-03,P_FRESH,P_HIGH_PRO,lactation_curve_progression
default,PM_000362,3144,2025-09-10,P_HIGH_PRO,P_MID_PRO,yield_decline
default,PM_000363,3145,2026-01-10,P_DRY_CLOSE_UP,P_FRESH,post_calving
default,PM_000364,3145,2026-01-31,P_FRESH,P_HIGH_PRO,lactation_curve_progression
default,PM_000365,3146,2026-02-03,P_DRY_CLOSE_UP,P_FRESH,post_calving
default,PM_000366,3146,2026-02-24,P_FRESH,P_HIGH_PRO,lactation_curve_progression
default,PM_000367,3147,2026-03-15,P_DRY_CLOSE_UP,P_FRESH,post_calving
default,PM_000368,3147,2026-04-05,P_FRESH,P_HIGH_PRO,lactation_curve_progression
default,PM_000369,3148,2025-09-05,P_DRY_CLOSE_UP,P_FRESH,post_calving
default,PM_000370,3148,2025-09-26,P_FRESH,P_HIGH_PRO,lactation_curve_progression
default,PM_000371,3148,2026-01-03,P_HIGH_PRO,P_MID_PRO,yield_decline
default,PM_000372,3149,2025-12-25,P_DRY_CLOSE_UP,P_FRESH,post_calving
default,PM_000373,3149,2026-01-15,P_FRESH,P_HIGH_PRO,lactation_curve_progression
default,PM_000374,3150,2025-03-17,P_DRY_CLOSE_UP,P_FRESH,post_calving
default,PM_000375,3150,2025-04-07,P_FRESH,P_HIGH_PRO,lactation_curve_progression
default,PM_000376,3150,2025-07-15,P_HIGH_PRO,P_MID_PRO,yield_decline
default,PM_000377,3151,2026-02-01,P_DRY_CLOSE_UP,P_FRESH,post_calving
default,PM_000378,3151,2026-02-22,P_FRESH,P_HIGH_PRO,lactation_curve_progression
default,PM_000379,3152,2025-11-20,P_DRY_CLOSE_UP,P_FRESH,post_calving
default,PM_000380,3152,2025-12-11,P_FRESH,P_HIGH_PRO,lactation_curve_progression
default,PM_000381,3152,2026-03-20,P_HIGH_PRO,P_MID_PRO,yield_decline
default,PM_000382,3153,2025-10-25,P_DRY_CLOSE_UP,P_FRESH,post_calving
default,PM_000383,3153,2025-11-15,P_FRESH,P_HIGH_PRO,lactation_curve_progression
default,PM_000384,3153,2026-02-22,P_HIGH_PRO,P_MID_PRO,yield_decline
default,PM_000385,3154,2026-03-21,P_DRY_CLOSE_UP,P_FRESH,post_calving
default,PM_000386,3154,2026-04-11,P_FRESH,P_HIGH_PRO,lactation_curve_progression
default,PM_000387,3155,2025-10-12,P_DRY_CLOSE_UP,P_FRESH,post_calving
default,PM_000388,3155,2025-11-02,P_FRESH,P_HIGH_PRO,lactation_curve_progression
default,PM_000389,3155,2026-02-09,P_HIGH_PRO,P_MID_PRO,yield_decline
default,PM_000390,3156,2026-03-01,P_DRY_CLOSE_UP,P_FRESH,post_calving
default,PM_000391,3156,2026-03-22,P_FRESH,P_HIGH_PRO,lactation_curve_progression
default,PM_000392,3157,2025-05-30,P_DRY_CLOSE_UP,P_FRESH,post_calving
default,PM_000393,3157,2025-06-20,P_FRESH,P_HIGH_PRO,lactation_curve_progression
default,PM_000394,3157,2025-09-27,P_HIGH_PRO,P_MID_PRO,yield_decline
default,PM_000395,3158,2026-04-10,P_DRY_CLOSE_UP,P_FRESH,post_calving
default,PM_000396,3158,2026-05-01,P_FRESH,P_HIGH_PRO,lactation_curve_progression
default,PM_000397,3159,2025-10-18,P_DRY_CLOSE_UP,P_FRESH,post_calving
default,PM_000398,3159,2025-11-08,P_FRESH,P_HIGH_PRO,lactation_curve_progression
default,PM_000399,3159,2026-02-15,P_HIGH_PRO,P_MID_PRO,yield_decline
default,PM_000400,3160,2025-08-04,P_DRY_CLOSE_UP,P_FRESH,post_calving
default,PM_000401,3160,2025-08-25,P_FRESH,P_HIGH_PRO,lactation_curve_progression
default,PM_000402,3160,2025-12-02,P_HIGH_PRO,P_MID_PRO,yield_decline
default,PM_000403,3161,2025-11-06,P_DRY_CLOSE_UP,P_FRESH,post_calving
default,PM_000404,3161,2025-11-27,P_FRESH,P_HIGH_PRO,lactation_curve_progression
default,PM_000405,3161,2026-03-06,P_HIGH_PRO,P_MID_PRO,yield_decline
default,PM_000406,3162,2026-04-13,P_DRY_CLOSE_UP,P_FRESH,post_calving
default,PM_000407,3162,2026-05-04,P_FRESH,P_HIGH_PRO,lactation_curve_progression
default,PM_000408,3163,2025-08-14,P_DRY_CLOSE_UP,P_FRESH,post_calving
default,PM_000409,3163,2025-09-04,P_FRESH,P_HIGH_PRO,lactation_curve_progression
default,PM_000410,3163,2025-12-12,P_HIGH_PRO,P_MID_PRO,yield_decline
default,PM_000411,3164,2025-05-20,P_DRY_CLOSE_UP,P_FRESH,post_calving
default,PM_000412,3164,2025-06-10,P_FRESH,P_HIGH_PRO,lactation_curve_progression
default,PM_000413,3164,2025-09-17,P_HIGH_PRO,P_MID_PRO,yield_decline
default,PM_000414,3165,2026-01-30,P_DRY_CLOSE_UP,P_FRESH,post_calving
default,PM_000415,3165,2026-02-20,P_FRESH,P_HIGH_PRO,lactation_curve_progression
default,PM_000416,3166,2025-09-08,P_DRY_CLOSE_UP,P_FRESH,post_calving
default,PM_000417,3166,2025-09-29,P_FRESH,P_HIGH_PRO,lactation_curve_progression
default,PM_000418,3166,2026-01-06,P_HIGH_PRO,P_MID_PRO,yield_decline
default,PM_000419,3167,2025-03-18,P_DRY_CLOSE_UP,P_FRESH,post_calving
default,PM_000420,3167,2025-04-08,P_FRESH,P_HIGH_PRO,lactation_curve_progression
default,PM_000421,3167,2025-07-16,P_HIGH_PRO,P_MID_PRO,yield_decline
default,PM_000422,3168,2025-08-06,P_DRY_CLOSE_UP,P_FRESH,post_calving
default,PM_000423,3168,2025-08-27,P_FRESH,P_HIGH_PRO,lactation_curve_progression
default,PM_000424,3168,2025-12-04,P_HIGH_PRO,P_MID_PRO,yield_decline
default,PM_000425,3169,2026-02-17,P_DRY_CLOSE_UP,P_FRESH,post_calving
default,PM_000426,3169,2026-03-10,P_FRESH,P_HIGH_PRO,lactation_curve_progression
default,PM_000427,3170,2025-04-19,P_DRY_CLOSE_UP,P_FRESH,post_calving
default,PM_000428,3170,2025-05-10,P_FRESH,P_HIGH_PRO,lactation_curve_progression
default,PM_000429,3170,2025-08-17,P_HIGH_PRO,P_MID_PRO,yield_decline
default,PM_000430,3171,2026-04-07,P_DRY_CLOSE_UP,P_FRESH,post_calving
default,PM_000431,3171,2026-04-28,P_FRESH,P_HIGH_PRO,lactation_curve_progression
default,PM_000432,3172,2025-12-31,P_DRY_CLOSE_UP,P_FRESH,post_calving
default,PM_000433,3172,2026-01-21,P_FRESH,P_HIGH_PRO,lactation_curve_progression
default,PM_000434,3173,2025-10-19,P_DRY_CLOSE_UP,P_FRESH,post_calving
default,PM_000435,3173,2025-11-09,P_FRESH,P_HIGH_PRO,lactation_curve_progression
default,PM_000436,3173,2026-02-16,P_HIGH_PRO,P_MID_PRO,yield_decline
default,PM_000437,3174,2025-11-09,P_DRY_CLOSE_UP,P_FRESH,post_calving
default,PM_000438,3174,2025-11-30,P_FRESH,P_HIGH_PRO,lactation_curve_progression
default,PM_000439,3174,2026-03-09,P_HIGH_PRO,P_MID_PRO,yield_decline
default,PM_000440,3175,2025-11-11,P_DRY_CLOSE_UP,P_FRESH,post_calving
default,PM_000441,3175,2025-12-02,P_FRESH,P_HIGH_PRO,lactation_curve_progression
default,PM_000442,3175,2026-03-11,P_HIGH_PRO,P_MID_PRO,yield_decline
default,PM_000443,3176,2025-08-20,P_DRY_CLOSE_UP,P_FRESH,post_calving
default,PM_000444,3176,2025-09-10,P_FRESH,P_HIGH_PRO,lactation_curve_progression
default,PM_000445,3176,2025-12-18,P_HIGH_PRO,P_MID_PRO,yield_decline
default,PM_000446,3177,2025-05-26,P_DRY_CLOSE_UP,P_FRESH,post_calving
default,PM_000447,3177,2025-06-16,P_FRESH,P_HIGH_PRO,lactation_curve_progression
default,PM_000448,3177,2025-09-23,P_HIGH_PRO,P_MID_PRO,yield_decline
default,PM_000449,3178,2026-02-16,P_DRY_CLOSE_UP,P_FRESH,post_calving
default,PM_000450,3178,2026-03-09,P_FRESH,P_HIGH_PRO,lactation_curve_progression
default,PM_000451,3179,2026-02-20,P_DRY_CLOSE_UP,P_FRESH,post_calving
default,PM_000452,3179,2026-03-13,P_FRESH,P_HIGH_PRO,lactation_curve_progression
default,PM_000453,3180,2026-03-08,P_DRY_CLOSE_UP,P_FRESH,post_calving
default,PM_000454,3180,2026-03-29,P_FRESH,P_HIGH_PRO,lactation_curve_progression
default,PM_000455,3181,2025-08-27,P_DRY_CLOSE_UP,P_FRESH,post_calving
default,PM_000456,3181,2025-09-17,P_FRESH,P_HIGH_PRO,lactation_curve_progression
default,PM_000457,3181,2025-12-25,P_HIGH_PRO,P_MID_PRO,yield_decline
default,PM_000458,3182,2025-04-09,P_DRY_CLOSE_UP,P_FRESH,post_calving
default,PM_000459,3182,2025-04-30,P_FRESH,P_HIGH_PRO,lactation_curve_progression
default,PM_000460,3182,2025-08-07,P_HIGH_PRO,P_MID_PRO,yield_decline
default,PM_000461,3183,2025-12-25,P_DRY_CLOSE_UP,P_FRESH,post_calving
default,PM_000462,3183,2026-01-15,P_FRESH,P_HIGH_PRO,lactation_curve_progression
default,PM_000463,3184,2026-02-15,P_DRY_CLOSE_UP,P_FRESH,post_calving
default,PM_000464,3184,2026-03-08,P_FRESH,P_HIGH_PRO,lactation_curve_progression
default,PM_000465,3185,2026-03-31,P_DRY_CLOSE_UP,P_FRESH,post_calving
default,PM_000466,3185,2026-04-21,P_FRESH,P_HIGH_PRO,lactation_curve_progression
default,PM_000467,3186,2025-10-17,P_DRY_CLOSE_UP,P_FRESH,post_calving
default,PM_000468,3186,2025-11-07,P_FRESH,P_HIGH_PRO,lactation_curve_progression
default,PM_000469,3186,2026-02-14,P_HIGH_PRO,P_MID_PRO,yield_decline
default,PM_000470,3187,2025-08-09,P_DRY_CLOSE_UP,P_FRESH,post_calving
default,PM_000471,3187,2025-08-30,P_FRESH,P_HIGH_PRO,lactation_curve_progression
default,PM_000472,3187,2025-12-07,P_HIGH_PRO,P_MID_PRO,yield_decline
default,PM_000473,3188,2026-03-28,P_DRY_CLOSE_UP,P_FRESH,post_calving
default,PM_000474,3188,2026-04-18,P_FRESH,P_HIGH_PRO,lactation_curve_progression
default,PM_000475,3189,2025-09-20,P_DRY_CLOSE_UP,P_FRESH,post_calving
default,PM_000476,3189,2025-10-11,P_FRESH,P_HIGH_PRO,lactation_curve_progression
default,PM_000477,3189,2026-01-18,P_HIGH_PRO,P_MID_PRO,yield_decline
default,PM_000478,3190,2026-03-27,P_DRY_CLOSE_UP,P_FRESH,post_calving
default,PM_000479,3190,2026-04-17,P_FRESH,P_HIGH_PRO,lactation_curve_progression
default,PM_000480,3191,2026-01-16,P_DRY_CLOSE_UP,P_FRESH,post_calving
default,PM_000481,3191,2026-02-06,P_FRESH,P_HIGH_PRO,lactation_curve_progression
default,PM_000482,3192,2026-03-13,P_DRY_CLOSE_UP,P_FRESH,post_calving
default,PM_000483,3192,2026-04-03,P_FRESH,P_HIGH_PRO,lactation_curve_progression
default,PM_000484,3193,2026-01-04,P_DRY_CLOSE_UP,P_FRESH,post_calving
default,PM_000485,3193,2026-01-25,P_FRESH,P_HIGH_PRO,lactation_curve_progression
default,PM_000486,3194,2026-01-01,P_DRY_CLOSE_UP,P_FRESH,post_calving
default,PM_000487,3194,2026-01-22,P_FRESH,P_HIGH_PRO,lactation_curve_progression
default,PM_000488,3195,2025-11-04,P_DRY_CLOSE_UP,P_FRESH,post_calving
default,PM_000489,3195,2025-11-25,P_FRESH,P_HIGH_PRO,lactation_curve_progression
default,PM_000490,3195,2026-03-04,P_HIGH_PRO,P_MID_PRO,yield_decline
default,PM_000491,3196,2025-11-05,P_DRY_CLOSE_UP,P_FRESH,post_calving
default,PM_000492,3196,2025-11-26,P_FRESH,P_HIGH_PRO,lactation_curve_progression
default,PM_000493,3196,2026-03-05,P_HIGH_PRO,P_MID_PRO,yield_decline
default,PM_000494,3197,2025-04-13,P_DRY_CLOSE_UP,P_FRESH,post_calving
default,PM_000495,3197,2025-05-04,P_FRESH,P_HIGH_PRO,lactation_curve_progression
default,PM_000496,3197,2025-08-11,P_HIGH_PRO,P_MID_PRO,yield_decline
default,PM_000497,3198,2025-06-12,P_DRY_CLOSE_UP,P_FRESH,post_calving
default,PM_000498,3198,2025-07-03,P_FRESH,P_HIGH_PRO,lactation_curve_progression
default,PM_000499,3198,2025-10-10,P_HIGH_PRO,P_MID_PRO,yield_decline
default,PM_000500,3199,2026-02-01,P_DRY_CLOSE_UP,P_FRESH,post_calving
default,PM_000501,3199,2026-02-22,P_FRESH,P_HIGH_PRO,lactation_curve_progression
default,PM_000502,3200,2026-01-26,P_DRY_CLOSE_UP,P_FRESH,post_calving
default,PM_000503,3200,2026-02-16,P_FRESH,P_HIGH_PRO,lactation_curve_progression
default,PM_000504,3201,2025-12-21,P_DRY_CLOSE_UP,P_FRESH,post_calving
default,PM_000505,3201,2026-01-11,P_FRESH,P_HIGH_PRO,lactation_curve_progression
default,PM_000506,3202,2025-11-16,P_DRY_CLOSE_UP,P_FRESH,post_calving
default,PM_000507,3202,2025-12-07,P_FRESH,P_HIGH_PRO,lactation_curve_progression
default,PM_000508,3202,2026-03-16,P_HIGH_PRO,P_MID_PRO,yield_decline
default,PM_000509,3203,2025-08-12,P_DRY_CLOSE_UP,P_FRESH,post_calving
default,PM_000510,3203,2025-09-02,P_FRESH,P_HIGH_PRO,lactation_curve_progression
default,PM_000511,3203,2025-12-10,P_HIGH_PRO,P_MID_PRO,yield_decline
default,PM_000512,3204,2025-06-11,P_DRY_CLOSE_UP,P_FRESH,post_calving
default,PM_000513,3204,2025-07-02,P_FRESH,P_HIGH_PRO,lactation_curve_progression
default,PM_000514,3204,2025-10-09,P_HIGH_PRO,P_MID_PRO,yield_decline
default,PM_000515,3205,2026-02-24,P_DRY_CLOSE_UP,P_FRESH,post_calving
default,PM_000516,3205,2026-03-17,P_FRESH,P_HIGH_PRO,lactation_curve_progression
default,PM_000517,3206,2026-04-12,P_DRY_CLOSE_UP,P_FRESH,post_calving
default,PM_000518,3206,2026-05-03,P_FRESH,P_HIGH_PRO,lactation_curve_progression
default,PM_000519,3207,2025-09-25,P_DRY_CLOSE_UP,P_FRESH,post_calving
default,PM_000520,3207,2025-10-16,P_FRESH,P_HIGH_PRO,lactation_curve_progression
default,PM_000521,3207,2026-01-23,P_HIGH_PRO,P_MID_PRO,yield_decline
default,PM_000522,3208,2026-03-29,P_DRY_CLOSE_UP,P_FRESH,post_calving
default,PM_000523,3208,2026-04-19,P_FRESH,P_HIGH_PRO,lactation_curve_progression
default,PM_000524,3209,2026-04-16,P_DRY_CLOSE_UP,P_FRESH,post_calving
default,PM_000525,3209,2026-05-07,P_FRESH,P_HIGH_PRO,lactation_curve_progression
default,PM_000526,3210,2025-09-26,P_DRY_CLOSE_UP,P_FRESH,post_calving
default,PM_000527,3210,2025-10-17,P_FRESH,P_HIGH_PRO,lactation_curve_progression
default,PM_000528,3210,2026-01-24,P_HIGH_PRO,P_MID_PRO,yield_decline
default,PM_000529,3211,2026-01-25,P_DRY_CLOSE_UP,P_FRESH,post_calving
default,PM_000530,3211,2026-02-15,P_FRESH,P_HIGH_PRO,lactation_curve_progression
default,PM_000531,3212,2025-10-05,P_DRY_CLOSE_UP,P_FRESH,post_calving
default,PM_000532,3212,2025-10-26,P_FRESH,P_HIGH_PRO,lactation_curve_progression
default,PM_000533,3212,2026-02-02,P_HIGH_PRO,P_MID_PRO,yield_decline
default,PM_000534,3213,2025-07-11,P_DRY_CLOSE_UP,P_FRESH,post_calving
default,PM_000535,3213,2025-08-01,P_FRESH,P_HIGH_PRO,lactation_curve_progression
default,PM_000536,3213,2025-11-08,P_HIGH_PRO,P_MID_PRO,yield_decline
default,PM_000537,3214,2026-03-20,P_DRY_CLOSE_UP,P_FRESH,post_calving
default,PM_000538,3214,2026-04-10,P_FRESH,P_HIGH_PRO,lactation_curve_progression
default,PM_000539,3215,2025-12-11,P_DRY_CLOSE_UP,P_FRESH,post_calving
default,PM_000540,3215,2026-01-01,P_FRESH,P_HIGH_PRO,lactation_curve_progression
default,PM_000541,3216,2025-10-29,P_DRY_CLOSE_UP,P_FRESH,post_calving
default,PM_000542,3216,2025-11-19,P_FRESH,P_HIGH_PRO,lactation_curve_progression
default,PM_000543,3216,2026-02-26,P_HIGH_PRO,P_MID_PRO,yield_decline
default,PM_000544,3217,2025-12-17,P_DRY_CLOSE_UP,P_FRESH,post_calving
default,PM_000545,3217,2026-01-07,P_FRESH,P_HIGH_PRO,lactation_curve_progression
default,PM_000546,3218,2025-11-24,P_DRY_CLOSE_UP,P_FRESH,post_calving
default,PM_000547,3218,2025-12-15,P_FRESH,P_HIGH_PRO,lactation_curve_progression
default,PM_000548,3219,2026-04-19,P_DRY_CLOSE_UP,P_FRESH,post_calving
default,PM_000549,3219,2026-05-10,P_FRESH,P_HIGH_PRO,lactation_curve_progression
default,PM_000550,3220,2026-02-20,P_DRY_CLOSE_UP,P_FRESH,post_calving
default,PM_000551,3220,2026-03-13,P_FRESH,P_HIGH_PRO,lactation_curve_progression
default,PM_000552,3221,2026-01-12,P_DRY_CLOSE_UP,P_FRESH,post_calving
default,PM_000553,3221,2026-02-02,P_FRESH,P_HIGH_PRO,lactation_curve_progression
default,PM_000554,3222,2026-01-17,P_DRY_CLOSE_UP,P_FRESH,post_calving
default,PM_000555,3222,2026-02-07,P_FRESH,P_HIGH_PRO,lactation_curve_progression
default,PM_000556,3223,2026-02-06,P_DRY_CLOSE_UP,P_FRESH,post_calving
default,PM_000557,3223,2026-02-27,P_FRESH,P_HIGH_PRO,lactation_curve_progression
default,PM_000558,3224,2025-12-31,P_DRY_CLOSE_UP,P_FRESH,post_calving
default,PM_000559,3224,2026-01-21,P_FRESH,P_HIGH_PRO,lactation_curve_progression
default,PM_000560,3225,2026-04-13,P_DRY_CLOSE_UP,P_FRESH,post_calving
default,PM_000561,3225,2026-05-04,P_FRESH,P_HIGH_PRO,lactation_curve_progression
default,PM_000562,3226,2025-09-02,P_DRY_CLOSE_UP,P_FRESH,post_calving
default,PM_000563,3226,2025-09-23,P_FRESH,P_HIGH_PRO,lactation_curve_progression
default,PM_000564,3226,2025-12-31,P_HIGH_PRO,P_MID_PRO,yield_decline
default,PM_000565,3227,2026-01-22,P_DRY_CLOSE_UP,P_FRESH,post_calving
default,PM_000566,3227,2026-02-12,P_FRESH,P_HIGH_PRO,lactation_curve_progression
default,PM_000567,3228,2025-12-29,P_DRY_CLOSE_UP,P_FRESH,post_calving
default,PM_000568,3228,2026-01-19,P_FRESH,P_HIGH_PRO,lactation_curve_progression
default,PM_000569,3229,2025-12-13,P_DRY_CLOSE_UP,P_FRESH,post_calving
default,PM_000570,3229,2026-01-03,P_FRESH,P_HIGH_PRO,lactation_curve_progression
default,PM_000571,3230,2025-10-27,P_DRY_CLOSE_UP,P_FRESH,post_calving
default,PM_000572,3230,2025-11-17,P_FRESH,P_HIGH_PRO,lactation_curve_progression
default,PM_000573,3230,2026-02-24,P_HIGH_PRO,P_MID_PRO,yield_decline
default,PM_000574,3231,2026-02-02,P_DRY_CLOSE_UP,P_FRESH,post_calving
default,PM_000575,3231,2026-02-23,P_FRESH,P_HIGH_PRO,lactation_curve_progression
default,PM_000576,3232,2026-02-15,P_DRY_CLOSE_UP,P_FRESH,post_calving
default,PM_000577,3232,2026-03-08,P_FRESH,P_HIGH_PRO,lactation_curve_progression
default,PM_000578,3233,2026-01-17,P_DRY_CLOSE_UP,P_FRESH,post_calving
default,PM_000579,3233,2026-02-07,P_FRESH,P_HIGH_PRO,lactation_curve_progression
default,PM_000580,3234,2025-12-12,P_DRY_CLOSE_UP,P_FRESH,post_calving
default,PM_000581,3234,2026-01-02,P_FRESH,P_HIGH_PRO,lactation_curve_progression
default,PM_000582,3235,2025-06-04,P_DRY_CLOSE_UP,P_FRESH,post_calving
default,PM_000583,3235,2025-06-25,P_FRESH,P_HIGH_PRO,lactation_curve_progression
default,PM_000584,3235,2025-10-02,P_HIGH_PRO,P_MID_PRO,yield_decline
default,PM_000585,3236,2026-02-16,P_DRY_CLOSE_UP,P_FRESH,post_calving
default,PM_000586,3236,2026-03-09,P_FRESH,P_HIGH_PRO,lactation_curve_progression
default,PM_000587,3237,2026-03-07,P_DRY_CLOSE_UP,P_FRESH,post_calving
default,PM_000588,3237,2026-03-28,P_FRESH,P_HIGH_PRO,lactation_curve_progression
default,PM_000589,3238,2026-01-06,P_DRY_CLOSE_UP,P_FRESH,post_calving
default,PM_000590,3238,2026-01-27,P_FRESH,P_HIGH_PRO,lactation_curve_progression
default,PM_000591,3239,2026-04-17,P_DRY_CLOSE_UP,P_FRESH,post_calving
default,PM_000592,3239,2026-05-08,P_FRESH,P_HIGH_PRO,lactation_curve_progression
default,PM_000593,3240,2025-12-11,P_DRY_CLOSE_UP,P_FRESH,post_calving
default,PM_000594,3240,2026-01-01,P_FRESH,P_HIGH_PRO,lactation_curve_progression
default,PM_000595,3241,2026-02-15,P_DRY_CLOSE_UP,P_FRESH,post_calving
default,PM_000596,3241,2026-03-08,P_FRESH,P_HIGH_PRO,lactation_curve_progression
default,PM_000597,3242,2026-03-29,P_DRY_CLOSE_UP,P_FRESH,post_calving
default,PM_000598,3242,2026-04-19,P_FRESH,P_HIGH_PRO,lactation_curve_progression
default,PM_000599,3243,2025-11-11,P_DRY_CLOSE_UP,P_FRESH,post_calving
default,PM_000600,3243,2025-12-02,P_FRESH,P_HIGH_PRO,lactation_curve_progression
default,PM_000601,3243,2026-03-11,P_HIGH_PRO,P_MID_PRO,yield_decline
default,PM_000602,3244,2025-12-26,P_DRY_CLOSE_UP,P_FRESH,post_calving
default,PM_000603,3244,2026-01-16,P_FRESH,P_HIGH_PRO,lactation_curve_progression
default,PM_000604,3245,2026-03-26,P_DRY_CLOSE_UP,P_FRESH,post_calving
default,PM_000605,3245,2026-04-16,P_FRESH,P_HIGH_PRO,lactation_curve_progression
default,PM_000606,3246,2025-04-06,P_DRY_CLOSE_UP,P_FRESH,post_calving
default,PM_000607,3246,2025-04-27,P_FRESH,P_HIGH_PRO,lactation_curve_progression
default,PM_000608,3246,2025-08-04,P_HIGH_PRO,P_MID_PRO,yield_decline
default,PM_000609,3247,2026-02-12,P_DRY_CLOSE_UP,P_FRESH,post_calving
default,PM_000610,3247,2026-03-05,P_FRESH,P_HIGH_PRO,lactation_curve_progression
default,PM_000611,3248,2025-10-27,P_DRY_CLOSE_UP,P_FRESH,post_calving
default,PM_000612,3248,2025-11-17,P_FRESH,P_HIGH_PRO,lactation_curve_progression
default,PM_000613,3248,2026-02-24,P_HIGH_PRO,P_MID_PRO,yield_decline
default,PM_000614,3249,2025-10-06,P_DRY_CLOSE_UP,P_FRESH,post_calving
default,PM_000615,3249,2025-10-27,P_FRESH,P_HIGH_PRO,lactation_curve_progression
default,PM_000616,3249,2026-02-03,P_HIGH_PRO,P_MID_PRO,yield_decline
default,PM_000617,3250,2026-01-01,P_DRY_CLOSE_UP,P_FRESH,post_calving
default,PM_000618,3250,2026-01-22,P_FRESH,P_HIGH_PRO,lactation_curve_progression
default,PM_000619,3251,2025-11-09,P_DRY_CLOSE_UP,P_FRESH,post_calving
default,PM_000620,3251,2025-11-30,P_FRESH,P_HIGH_PRO,lactation_curve_progression
default,PM_000621,3251,2026-03-09,P_HIGH_PRO,P_MID_PRO,yield_decline
default,PM_000622,3252,2025-11-28,P_DRY_CLOSE_UP,P_FRESH,post_calving
default,PM_000623,3252,2025-12-19,P_FRESH,P_HIGH_PRO,lactation_curve_progression
default,PM_000624,3253,2026-03-03,P_DRY_CLOSE_UP,P_FRESH,post_calving
default,PM_000625,3253,2026-03-24,P_FRESH,P_HIGH_PRO,lactation_curve_progression
default,PM_000626,3254,2025-12-29,P_DRY_CLOSE_UP,P_FRESH,post_calving
default,PM_000627,3254,2026-01-19,P_FRESH,P_HIGH_PRO,lactation_curve_progression
default,PM_000628,3255,2025-11-14,P_DRY_CLOSE_UP,P_FRESH,post_calving
default,PM_000629,3255,2025-12-05,P_FRESH,P_HIGH_PRO,lactation_curve_progression
default,PM_000630,3255,2026-03-14,P_HIGH_PRO,P_MID_PRO,yield_decline
default,PM_000631,3256,2025-04-08,P_DRY_CLOSE_UP,P_FRESH,post_calving
default,PM_000632,3256,2025-04-29,P_FRESH,P_HIGH_PRO,lactation_curve_progression
default,PM_000633,3256,2025-08-06,P_HIGH_PRO,P_MID_PRO,yield_decline
default,PM_000634,3257,2026-02-08,P_DRY_CLOSE_UP,P_FRESH,post_calving
default,PM_000635,3257,2026-03-01,P_FRESH,P_HIGH_PRO,lactation_curve_progression
default,PM_000636,3258,2026-03-23,P_DRY_CLOSE_UP,P_FRESH,post_calving
default,PM_000637,3258,2026-04-13,P_FRESH,P_HIGH_PRO,lactation_curve_progression
default,PM_000638,3259,2025-12-13,P_DRY_CLOSE_UP,P_FRESH,post_calving
default,PM_000639,3259,2026-01-03,P_FRESH,P_HIGH_PRO,lactation_curve_progression
default,PM_000640,3260,2026-02-21,P_DRY_CLOSE_UP,P_FRESH,post_calving
default,PM_000641,3260,2026-03-14,P_FRESH,P_HIGH_PRO,lactation_curve_progression
default,PM_000642,3261,2026-02-28,P_DRY_CLOSE_UP,P_FRESH,post_calving
default,PM_000643,3261,2026-03-21,P_FRESH,P_HIGH_PRO,lactation_curve_progression
default,PM_000644,3262,2026-03-02,P_DRY_CLOSE_UP,P_FRESH,post_calving
default,PM_000645,3262,2026-03-23,P_FRESH,P_HIGH_PRO,lactation_curve_progression
default,PM_000646,3263,2025-05-31,P_DRY_CLOSE_UP,P_FRESH,post_calving
default,PM_000647,3263,2025-06-21,P_FRESH,P_HIGH_PRO,lactation_curve_progression
default,PM_000648,3263,2025-09-28,P_HIGH_PRO,P_MID_PRO,yield_decline
default,PM_000649,3264,2025-11-01,P_DRY_CLOSE_UP,P_FRESH,post_calving
default,PM_000650,3264,2025-11-22,P_FRESH,P_HIGH_PRO,lactation_curve_progression
default,PM_000651,3264,2026-03-01,P_HIGH_PRO,P_MID_PRO,yield_decline
default,PM_000652,3265,2025-12-20,P_DRY_CLOSE_UP,P_FRESH,post_calving
default,PM_000653,3265,2026-01-10,P_FRESH,P_HIGH_PRO,lactation_curve_progression
default,PM_000654,3266,2026-02-01,P_DRY_CLOSE_UP,P_FRESH,post_calving
default,PM_000655,3266,2026-02-22,P_FRESH,P_HIGH_PRO,lactation_curve_progression
default,PM_000656,3267,2026-01-21,P_DRY_CLOSE_UP,P_FRESH,post_calving
default,PM_000657,3267,2026-02-11,P_FRESH,P_HIGH_PRO,lactation_curve_progression
default,PM_000658,3268,2025-03-27,P_DRY_CLOSE_UP,P_FRESH,post_calving
default,PM_000659,3268,2025-04-17,P_FRESH,P_HIGH_PRO,lactation_curve_progression
default,PM_000660,3268,2025-07-25,P_HIGH_PRO,P_MID_PRO,yield_decline
default,PM_000661,3269,2025-11-04,P_DRY_CLOSE_UP,P_FRESH,post_calving
default,PM_000662,3269,2025-11-25,P_FRESH,P_HIGH_PRO,lactation_curve_progression
default,PM_000663,3269,2026-03-04,P_HIGH_PRO,P_MID_PRO,yield_decline
default,PM_000664,3270,2026-04-14,P_DRY_CLOSE_UP,P_FRESH,post_calving
default,PM_000665,3270,2026-05-05,P_FRESH,P_HIGH_PRO,lactation_curve_progression
default,PM_000666,3271,2025-12-14,P_DRY_CLOSE_UP,P_FRESH,post_calving
default,PM_000667,3271,2026-01-04,P_FRESH,P_HIGH_PRO,lactation_curve_progression
default,PM_000668,3272,2025-10-26,P_DRY_CLOSE_UP,P_FRESH,post_calving
default,PM_000669,3272,2025-11-16,P_FRESH,P_HIGH_PRO,lactation_curve_progression
default,PM_000670,3272,2026-02-23,P_HIGH_PRO,P_MID_PRO,yield_decline
default,PM_000671,3273,2026-04-13,P_DRY_CLOSE_UP,P_FRESH,post_calving
default,PM_000672,3273,2026-05-04,P_FRESH,P_HIGH_PRO,lactation_curve_progression
default,PM_000673,3274,2026-02-25,P_DRY_CLOSE_UP,P_FRESH,post_calving
default,PM_000674,3274,2026-03-18,P_FRESH,P_HIGH_PRO,lactation_curve_progression
default,PM_000675,3275,2025-11-29,P_DRY_CLOSE_UP,P_FRESH,post_calving
default,PM_000676,3275,2025-12-20,P_FRESH,P_HIGH_PRO,lactation_curve_progression
default,PM_000677,3276,2026-01-22,P_DRY_CLOSE_UP,P_FRESH,post_calving
default,PM_000678,3276,2026-02-12,P_FRESH,P_HIGH_PRO,lactation_curve_progression
default,PM_000679,3277,2025-06-12,P_DRY_CLOSE_UP,P_FRESH,post_calving
default,PM_000680,3277,2025-07-03,P_FRESH,P_HIGH_PRO,lactation_curve_progression
default,PM_000681,3277,2025-10-10,P_HIGH_PRO,P_MID_PRO,yield_decline
default,PM_000682,3278,2026-04-20,P_DRY_CLOSE_UP,P_FRESH,post_calving
default,PM_000683,3278,2026-05-11,P_FRESH,P_HIGH_PRO,lactation_curve_progression
default,PM_000684,3279,2026-02-03,P_DRY_CLOSE_UP,P_FRESH,post_calving
default,PM_000685,3279,2026-02-24,P_FRESH,P_HIGH_PRO,lactation_curve_progression
default,PM_000686,3280,2026-04-20,P_DRY_CLOSE_UP,P_FRESH,post_calving
default,PM_000687,3280,2026-05-11,P_FRESH,P_HIGH_PRO,lactation_curve_progression
default,PM_000688,3281,2026-03-16,P_DRY_CLOSE_UP,P_FRESH,post_calving
default,PM_000689,3281,2026-04-06,P_FRESH,P_HIGH_PRO,lactation_curve_progression
default,PM_000690,3282,2025-06-13,P_DRY_CLOSE_UP,P_FRESH,post_calving
default,PM_000691,3282,2025-07-04,P_FRESH,P_HIGH_PRO,lactation_curve_progression
default,PM_000692,3282,2025-10-11,P_HIGH_PRO,P_MID_PRO,yield_decline
default,PM_000693,3283,2026-01-02,P_DRY_CLOSE_UP,P_FRESH,post_calving
default,PM_000694,3283,2026-01-23,P_FRESH,P_HIGH_PRO,lactation_curve_progression
default,PM_000695,3284,2025-08-11,P_DRY_CLOSE_UP,P_FRESH,post_calving
default,PM_000696,3284,2025-09-01,P_FRESH,P_HIGH_PRO,lactation_curve_progression
default,PM_000697,3284,2025-12-09,P_HIGH_PRO,P_MID_PRO,yield_decline
default,PM_000698,3285,2025-11-09,P_DRY_CLOSE_UP,P_FRESH,post_calving
default,PM_000699,3285,2025-11-30,P_FRESH,P_HIGH_PRO,lactation_curve_progression
default,PM_000700,3285,2026-03-09,P_HIGH_PRO,P_MID_PRO,yield_decline
default,PM_000701,3286,2026-03-12,P_DRY_CLOSE_UP,P_FRESH,post_calving
default,PM_000702,3286,2026-04-02,P_FRESH,P_HIGH_PRO,lactation_curve_progression
default,PM_000703,3287,2026-02-06,P_DRY_CLOSE_UP,P_FRESH,post_calving
default,PM_000704,3287,2026-02-27,P_FRESH,P_HIGH_PRO,lactation_curve_progression
default,PM_000705,3288,2026-03-13,P_DRY_CLOSE_UP,P_FRESH,post_calving
default,PM_000706,3288,2026-04-03,P_FRESH,P_HIGH_PRO,lactation_curve_progression
default,PM_000707,3289,2025-10-09,P_DRY_CLOSE_UP,P_FRESH,post_calving
default,PM_000708,3289,2025-10-30,P_FRESH,P_HIGH_PRO,lactation_curve_progression
default,PM_000709,3289,2026-02-06,P_HIGH_PRO,P_MID_PRO,yield_decline
default,PM_000710,3290,2026-04-17,P_DRY_CLOSE_UP,P_FRESH,post_calving
default,PM_000711,3290,2026-05-08,P_FRESH,P_HIGH_PRO,lactation_curve_progression
default,PM_000712,3291,2026-04-04,P_DRY_CLOSE_UP,P_FRESH,post_calving
default,PM_000713,3291,2026-04-25,P_FRESH,P_HIGH_PRO,lactation_curve_progression
default,PM_000714,3292,2026-02-16,P_DRY_CLOSE_UP,P_FRESH,post_calving
default,PM_000715,3292,2026-03-09,P_FRESH,P_HIGH_PRO,lactation_curve_progression
default,PM_000716,3293,2026-01-03,P_DRY_CLOSE_UP,P_FRESH,post_calving
default,PM_000717,3293,2026-01-24,P_FRESH,P_HIGH_PRO,lactation_curve_progression
default,PM_000718,3294,2026-04-14,P_DRY_CLOSE_UP,P_FRESH,post_calving
default,PM_000719,3294,2026-05-05,P_FRESH,P_HIGH_PRO,lactation_curve_progression
default,PM_000720,3295,2026-04-14,P_DRY_CLOSE_UP,P_FRESH,post_calving
default,PM_000721,3295,2026-05-05,P_FRESH,P_HIGH_PRO,lactation_curve_progression
default,PM_000722,3296,2026-01-13,P_DRY_CLOSE_UP,P_FRESH,post_calving
default,PM_000723,3296,2026-02-03,P_FRESH,P_HIGH_PRO,lactation_curve_progression
default,PM_000724,3297,2025-07-12,P_DRY_CLOSE_UP,P_FRESH,post_calving
default,PM_000725,3297,2025-08-02,P_FRESH,P_HIGH_PRO,lactation_curve_progression
default,PM_000726,3297,2025-11-09,P_HIGH_PRO,P_MID_PRO,yield_decline
default,PM_000727,3298,2025-09-01,P_DRY_CLOSE_UP,P_FRESH,post_calving
default,PM_000728,3298,2025-09-22,P_FRESH,P_HIGH_PRO,lactation_curve_progression
default,PM_000729,3298,2025-12-30,P_HIGH_PRO,P_MID_PRO,yield_decline
default,PM_000730,3299,2025-06-12,P_DRY_CLOSE_UP,P_FRESH,post_calving
default,PM_000731,3299,2025-07-03,P_FRESH,P_HIGH_PRO,lactation_curve_progression
default,PM_000732,3299,2025-10-10,P_HIGH_PRO,P_MID_PRO,yield_decline
default,PM_000733,3300,2026-01-22,P_DRY_CLOSE_UP,P_FRESH,post_calving
default,PM_000734,3300,2026-02-12,P_FRESH,P_HIGH_PRO,lactation_curve_progression
default,PM_000735,3301,2025-10-04,P_DRY_CLOSE_UP,P_FRESH,post_calving
default,PM_000736,3301,2025-10-25,P_FRESH,P_HIGH_PRO,lactation_curve_progression
default,PM_000737,3301,2026-02-01,P_HIGH_PRO,P_MID_PRO,yield_decline
default,PM_000738,3302,2026-03-04,P_DRY_CLOSE_UP,P_FRESH,post_calving
default,PM_000739,3302,2026-03-25,P_FRESH,P_HIGH_PRO,lactation_curve_progression
default,PM_000740,3303,2026-01-16,P_DRY_CLOSE_UP,P_FRESH,post_calving
default,PM_000741,3303,2026-02-06,P_FRESH,P_HIGH_PRO,lactation_curve_progression
default,PM_000742,3304,2026-01-22,P_DRY_CLOSE_UP,P_FRESH,post_calving
default,PM_000743,3304,2026-02-12,P_FRESH,P_HIGH_PRO,lactation_curve_progression
default,PM_000744,3305,2026-02-04,P_DRY_CLOSE_UP,P_FRESH,post_calving
default,PM_000745,3305,2026-02-25,P_FRESH,P_HIGH_PRO,lactation_curve_progression
default,PM_000746,3306,2025-06-12,P_DRY_CLOSE_UP,P_FRESH,post_calving
default,PM_000747,3306,2025-07-03,P_FRESH,P_HIGH_PRO,lactation_curve_progression
default,PM_000748,3306,2025-10-10,P_HIGH_PRO,P_MID_PRO,yield_decline
default,PM_000749,3307,2026-02-04,P_DRY_CLOSE_UP,P_FRESH,post_calving
default,PM_000750,3307,2026-02-25,P_FRESH,P_HIGH_PRO,lactation_curve_progression
default,PM_000751,3308,2026-01-12,P_DRY_CLOSE_UP,P_FRESH,post_calving
default,PM_000752,3308,2026-02-02,P_FRESH,P_HIGH_PRO,lactation_curve_progression
default,PM_000753,3309,2025-04-04,P_DRY_CLOSE_UP,P_FRESH,post_calving
default,PM_000754,3309,2025-04-25,P_FRESH,P_HIGH_PRO,lactation_curve_progression
default,PM_000755,3309,2025-08-02,P_HIGH_PRO,P_MID_PRO,yield_decline
default,PM_000756,3310,2026-02-20,P_DRY_CLOSE_UP,P_FRESH,post_calving
default,PM_000757,3310,2026-03-13,P_FRESH,P_HIGH_PRO,lactation_curve_progression
default,PM_000758,3311,2026-03-09,P_DRY_CLOSE_UP,P_FRESH,post_calving
default,PM_000759,3311,2026-03-30,P_FRESH,P_HIGH_PRO,lactation_curve_progression
default,PM_000760,3312,2025-04-27,P_DRY_CLOSE_UP,P_FRESH,post_calving
default,PM_000761,3312,2025-05-18,P_FRESH,P_HIGH_PRO,lactation_curve_progression
default,PM_000762,3312,2025-08-25,P_HIGH_PRO,P_MID_PRO,yield_decline
default,PM_000763,3313,2025-08-01,P_DRY_CLOSE_UP,P_FRESH,post_calving
default,PM_000764,3313,2025-08-22,P_FRESH,P_HIGH_PRO,lactation_curve_progression
default,PM_000765,3313,2025-11-29,P_HIGH_PRO,P_MID_PRO,yield_decline
default,PM_000766,3314,2025-04-04,P_DRY_CLOSE_UP,P_FRESH,post_calving
default,PM_000767,3314,2025-04-25,P_FRESH,P_HIGH_PRO,lactation_curve_progression
default,PM_000768,3314,2025-08-02,P_HIGH_PRO,P_MID_PRO,yield_decline
default,PM_000769,3315,2025-08-07,P_DRY_CLOSE_UP,P_FRESH,post_calving
default,PM_000770,3315,2025-08-28,P_FRESH,P_HIGH_PRO,lactation_curve_progression
default,PM_000771,3315,2025-12-05,P_HIGH_PRO,P_MID_PRO,yield_decline
default,PM_000772,3316,2025-05-10,P_DRY_CLOSE_UP,P_FRESH,post_calving
default,PM_000773,3316,2025-05-31,P_FRESH,P_HIGH_PRO,lactation_curve_progression
default,PM_000774,3316,2025-09-07,P_HIGH_PRO,P_MID_PRO,yield_decline
default,PM_000775,3317,2025-10-03,P_DRY_CLOSE_UP,P_FRESH,post_calving
default,PM_000776,3317,2025-10-24,P_FRESH,P_HIGH_PRO,lactation_curve_progression
default,PM_000777,3317,2026-01-31,P_HIGH_PRO,P_MID_PRO,yield_decline
default,PM_000778,3318,2025-09-21,P_DRY_CLOSE_UP,P_FRESH,post_calving
default,PM_000779,3318,2025-10-12,P_FRESH,P_HIGH_PRO,lactation_curve_progression
default,PM_000780,3318,2026-01-19,P_HIGH_PRO,P_MID_PRO,yield_decline
default,PM_000781,3319,2025-12-06,P_DRY_CLOSE_UP,P_FRESH,post_calving
default,PM_000782,3319,2025-12-27,P_FRESH,P_HIGH_PRO,lactation_curve_progression
default,PM_000783,3320,2026-02-23,P_DRY_CLOSE_UP,P_FRESH,post_calving
default,PM_000784,3320,2026-03-16,P_FRESH,P_HIGH_PRO,lactation_curve_progression
default,PM_000785,3321,2026-03-08,P_DRY_CLOSE_UP,P_FRESH,post_calving
default,PM_000786,3321,2026-03-29,P_FRESH,P_HIGH_PRO,lactation_curve_progression
default,PM_000787,3322,2025-10-09,P_DRY_CLOSE_UP,P_FRESH,post_calving
default,PM_000788,3322,2025-10-30,P_FRESH,P_HIGH_PRO,lactation_curve_progression
default,PM_000789,3322,2026-02-06,P_HIGH_PRO,P_MID_PRO,yield_decline
default,PM_000790,3323,2026-01-31,P_DRY_CLOSE_UP,P_FRESH,post_calving
default,PM_000791,3323,2026-02-21,P_FRESH,P_HIGH_PRO,lactation_curve_progression
default,PM_000792,3324,2026-04-12,P_DRY_CLOSE_UP,P_FRESH,post_calving
default,PM_000793,3324,2026-05-03,P_FRESH,P_HIGH_PRO,lactation_curve_progression
default,PM_000794,3325,2025-10-18,P_DRY_CLOSE_UP,P_FRESH,post_calving
default,PM_000795,3325,2025-11-08,P_FRESH,P_HIGH_PRO,lactation_curve_progression
default,PM_000796,3325,2026-02-15,P_HIGH_PRO,P_MID_PRO,yield_decline
default,PM_000797,3326,2025-04-06,P_DRY_CLOSE_UP,P_FRESH,post_calving
default,PM_000798,3326,2025-04-27,P_FRESH,P_HIGH_PRO,lactation_curve_progression
default,PM_000799,3326,2025-08-04,P_HIGH_PRO,P_MID_PRO,yield_decline
default,PM_000800,3327,2025-04-14,P_DRY_CLOSE_UP,P_FRESH,post_calving
default,PM_000801,3327,2025-05-05,P_FRESH,P_HIGH_PRO,lactation_curve_progression
default,PM_000802,3327,2025-08-12,P_HIGH_PRO,P_MID_PRO,yield_decline
default,PM_000803,3328,2025-09-08,P_DRY_CLOSE_UP,P_FRESH,post_calving
default,PM_000804,3328,2025-09-29,P_FRESH,P_HIGH_PRO,lactation_curve_progression
default,PM_000805,3328,2026-01-06,P_HIGH_PRO,P_MID_PRO,yield_decline
default,PM_000806,3329,2026-01-12,P_DRY_CLOSE_UP,P_FRESH,post_calving
default,PM_000807,3329,2026-02-02,P_FRESH,P_HIGH_PRO,lactation_curve_progression
default,PM_000808,3330,2025-07-11,P_DRY_CLOSE_UP,P_FRESH,post_calving
default,PM_000809,3330,2025-08-01,P_FRESH,P_HIGH_PRO,lactation_curve_progression
default,PM_000810,3330,2025-11-08,P_HIGH_PRO,P_MID_PRO,yield_decline
default,PM_000811,3331,2025-06-14,P_DRY_CLOSE_UP,P_FRESH,post_calving
default,PM_000812,3331,2025-07-05,P_FRESH,P_HIGH_PRO,lactation_curve_progression
default,PM_000813,3331,2025-10-12,P_HIGH_PRO,P_MID_PRO,yield_decline
default,PM_000814,3332,2026-03-10,P_DRY_CLOSE_UP,P_FRESH,post_calving
default,PM_000815,3332,2026-03-31,P_FRESH,P_HIGH_PRO,lactation_curve_progression
default,PM_000816,3333,2025-09-11,P_DRY_CLOSE_UP,P_FRESH,post_calving
default,PM_000817,3333,2025-10-02,P_FRESH,P_HIGH_PRO,lactation_curve_progression
default,PM_000818,3333,2026-01-09,P_HIGH_PRO,P_MID_PRO,yield_decline
default,PM_000819,3334,2025-04-16,P_DRY_CLOSE_UP,P_FRESH,post_calving
default,PM_000820,3334,2025-05-07,P_FRESH,P_HIGH_PRO,lactation_curve_progression
default,PM_000821,3334,2025-08-14,P_HIGH_PRO,P_MID_PRO,yield_decline
default,PM_000822,3335,2025-06-09,P_DRY_CLOSE_UP,P_FRESH,post_calving
default,PM_000823,3335,2025-06-30,P_FRESH,P_HIGH_PRO,lactation_curve_progression
default,PM_000824,3335,2025-10-07,P_HIGH_PRO,P_MID_PRO,yield_decline
default,PM_000825,3336,2026-04-12,P_DRY_CLOSE_UP,P_FRESH,post_calving
default,PM_000826,3336,2026-05-03,P_FRESH,P_HIGH_PRO,lactation_curve_progression
default,PM_000827,3337,2026-03-24,P_DRY_CLOSE_UP,P_FRESH,post_calving
default,PM_000828,3337,2026-04-14,P_FRESH,P_HIGH_PRO,lactation_curve_progression
default,PM_000829,3338,2025-12-27,P_DRY_CLOSE_UP,P_FRESH,post_calving
default,PM_000830,3338,2026-01-17,P_FRESH,P_HIGH_PRO,lactation_curve_progression
default,PM_000831,3339,2025-12-10,P_DRY_CLOSE_UP,P_FRESH,post_calving
default,PM_000832,3339,2025-12-31,P_FRESH,P_HIGH_PRO,lactation_curve_progression
default,PM_000833,3340,2025-11-02,P_DRY_CLOSE_UP,P_FRESH,post_calving
default,PM_000834,3340,2025-11-23,P_FRESH,P_HIGH_PRO,lactation_curve_progression
default,PM_000835,3340,2026-03-02,P_HIGH_PRO,P_MID_PRO,yield_decline
default,PM_000836,3341,2025-04-29,P_DRY_CLOSE_UP,P_FRESH,post_calving
default,PM_000837,3341,2025-05-20,P_FRESH,P_HIGH_PRO,lactation_curve_progression
default,PM_000838,3341,2025-08-27,P_HIGH_PRO,P_MID_PRO,yield_decline
default,PM_000839,3342,2026-03-16,P_DRY_CLOSE_UP,P_FRESH,post_calving
default,PM_000840,3342,2026-04-06,P_FRESH,P_HIGH_PRO,lactation_curve_progression
default,PM_000841,3343,2025-12-10,P_DRY_CLOSE_UP,P_FRESH,post_calving
default,PM_000842,3343,2025-12-31,P_FRESH,P_HIGH_PRO,lactation_curve_progression
default,PM_000843,3344,2026-03-07,P_DRY_CLOSE_UP,P_FRESH,post_calving
default,PM_000844,3344,2026-03-28,P_FRESH,P_HIGH_PRO,lactation_curve_progression
default,PM_000845,3345,2026-03-01,P_DRY_CLOSE_UP,P_FRESH,post_calving
default,PM_000846,3345,2026-03-22,P_FRESH,P_HIGH_PRO,lactation_curve_progression
default,PM_000847,3346,2026-01-08,P_DRY_CLOSE_UP,P_FRESH,post_calving
default,PM_000848,3346,2026-01-29,P_FRESH,P_HIGH_PRO,lactation_curve_progression
default,PM_000849,3347,2025-04-08,P_DRY_CLOSE_UP,P_FRESH,post_calving
default,PM_000850,3347,2025-04-29,P_FRESH,P_HIGH_PRO,lactation_curve_progression
default,PM_000851,3347,2025-08-06,P_HIGH_PRO,P_MID_PRO,yield_decline
