tenant_id,event_id,animal_id,event_date,event_type,result,notes
default,RE_4821_CALV_3,4821,2025-11-16,calving,assisted,
default,RE_4821_HEAT_20260205,4821,2026-02-04,heat,detected,
default,RE_4821_INS_20260205,4821,2026-02-05,insemination,open,method=AI bull=Витязь
default,RE_4821_PREGCK_20260205,4821,2026-03-12,preg_check,open,
default,RE_3891_CALV_3,3891,2025-07-10,calving,normal,
default,RE_3891_HEAT_20250923,3891,2025-09-22,heat,detected,
default,RE_3891_INS_20250923,3891,2025-09-23,insemination,pregnant,method=AI bull=Граф
default,RE_3891_PREGCK_20250923,3891,2025-10-28,preg_check,pregnant,
default,RE_3142_CALV_2,3142,2026-03-07,calving,normal,
default,RE_3000_CALV_1,3000,2025-04-01,calving,normal,
default,RE_3000_HEAT_20250607,3000,2025-06-06,heat,detected,
default,RE_3000_INS_20250607,3000,2025-06-07,insemination,pregnant,method=natural bull=stockyard_bull_01
default,RE_3000_PREGCK_20250607,3000,2025-07-12,preg_check,pregnant,
default,RE_3000_DRY_1,3000,2026-01-31,dryoff,completed,
default,RE_3001_CALV_1,3001,2026-04-15,calving,normal,
default,RE_3002_CALV_3,3002,2026-01-02,calving,normal,
default,RE_3002_HEAT_20260312,3002,2026-03-11,heat,detected,
default,RE_3002_INS_20260312,3002,2026-03-12,insemination,pregnant,method=AI bull=Ильич
default,RE_3002_PREGCK_20260312,3002,2026-04-16,preg_check,pregnant,
default,RE_3003_CALV_4,3003,2025-09-01,calving,normal,
default,RE_3003_HEAT_20251105,3003,2025-11-04,heat,missed,
default,RE_3003_INS_20251105,3003,2025-11-05,insemination,open,method=AI bull=Зевс
default,RE_3003_PREGCK_20251105,3003,2025-12-10,preg_check,open,
default,RE_3004_CALV_2,3004,2025-04-11,calving,normal,
default,RE_3004_HEAT_20250726,3004,2025-07-25,heat,detected,
default,RE_3004_INS_20250726,3004,2025-07-26,insemination,pregnant,method=AI bull=Зорро
default,RE_3004_PREGCK_20250726,3004,2025-08-30,preg_check,pregnant,
default,RE_3004_DRY_2,3004,2026-02-10,dryoff,completed,
default,RE_3005_CALV_1,3005,2025-07-25,calving,normal,
default,RE_3005_HEAT_20251101,3005,2025-10-31,heat,detected,
default,RE_3005_INS_20251101,3005,2025-11-01,insemination,open,method=natural bull=stockyard_bull_01
default,RE_3005_PREGCK_20251101,3005,2025-12-06,preg_check,open,
default,RE_3006_CALV_3,3006,2025-10-29,calving,assisted,
default,RE_3006_HEAT_20260103,3006,2026-01-02,heat,detected,
default,RE_3006_INS_20260103,3006,2026-01-03,insemination,pregnant,method=AI bull=Ермак
default,RE_3006_PREGCK_20260103,3006,2026-02-07,preg_check,pregnant,
default,RE_3007_CALV_2,3007,2026-01-26,calving,normal,
default,RE_3007_HEAT_20260403,3007,2026-04-02,heat,detected,
default,RE_3007_INS_20260403,3007,2026-04-03,insemination,open,method=AI bull=Вихрь
default,RE_3008_CALV_2,3008,2026-04-20,calving,normal,
default,RE_3009_CALV_3,3009,2026-04-07,calving,normal,
default,RE_3010_CALV_1,3010,2025-08-05,calving,normal,
default,RE_3011_CALV_3,3011,2026-03-30,calving,normal,
default,RE_3012_CALV_1,3012,2026-02-16,calving,normal,
default,RE_3012_HEAT_20260417,3012,2026-04-16,heat,detected,
default,RE_3012_INS_20260417,3012,2026-04-17,insemination,pregnant,method=AI bull=Каскад
default,RE_3012_PREGCK_20260417,3012,2026-05-22,preg_check,pregnant,
default,RE_3013_CALV_3,3013,2026-03-17,calving,normal,
default,RE_3014_CALV_4,3014,2026-01-15,calving,normal,
default,RE_3014_HEAT_20260328,3014,2026-03-27,heat,missed,
default,RE_3014_INS_20260328,3014,2026-03-28,insemination,pregnant,method=AI bull=Ермак
default,RE_3015_CALV_4,3015,2025-12-08,calving,normal,
default,RE_3015_HEAT_20260224,3015,2026-02-23,heat,detected,
default,RE_3015_INS_20260224,3015,2026-02-24,insemination,open,method=AI bull=Атаман
default,RE_3015_PREGCK_20260224,3015,2026-03-31,preg_check,open,
default,RE_3016_CALV_3,3016,2026-02-22,calving,assisted,
default,RE_3016_HEAT_20260508,3016,2026-05-07,heat,detected,
default,RE_3016_INS_20260508,3016,2026-05-08,insemination,open,method=AI bull=Бой
default,RE_3016_PREGCK_20260508,3016,2026-06-12,preg_check,open,
default,RE_3017_CALV_2,3017,2026-02-15,calving,normal,
default,RE_3018_CALV_3,3018,2025-12-02,calving,assisted,
default,RE_3018_HEAT_20260204,3018,2026-02-03,heat,detected,
default,RE_3018_INS_20260204,3018,2026-02-04,insemination,pregnant,method=AI bull=Жигули
default,RE_3018_PREGCK_20260204,3018,2026-03-11,preg_check,pregnant,
default,RE_3019_CALV_1,3019,2026-02-21,calving,normal,
default,RE_3019_HEAT_20260424,3019,2026-04-23,heat,detected,
default,RE_3019_INS_20260424,3019,2026-04-24,insemination,pregnant,method=AI bull=Бой
default,RE_3019_PREGCK_20260424,3019,2026-05-29,preg_check,pregnant,
default,RE_3020_CALV_2,3020,2025-09-15,calving,normal,
default,RE_3020_HEAT_20251209,3020,2025-12-08,heat,detected,
default,RE_3020_INS_20251209,3020,2025-12-09,insemination,pregnant,method=AI bull=Жигули
default,RE_3020_PREGCK_20251209,3020,2026-01-13,preg_check,pregnant,
default,RE_3021_CALV_3,3021,2026-03-01,calving,assisted,
default,RE_3022_CALV_3,3022,2026-04-03,calving,normal,
default,RE_3023_CALV_2,3023,2025-09-09,calving,normal,
default,RE_3023_HEAT_20251112,3023,2025-11-11,heat,detected,
default,RE_3023_INS_20251112,3023,2025-11-12,insemination,open,method=AI bull=Ильич
default,RE_3023_PREGCK_20251112,3023,2025-12-17,preg_check,open,
default,RE_3024_CALV_2,3024,2025-03-22,calving,normal,
default,RE_3024_HEAT_20250701,3024,2025-06-30,heat,detected,
default,RE_3024_INS_20250701,3024,2025-07-01,insemination,open,method=AI bull=Каскад
default,RE_3024_PREGCK_20250701,3024,2025-08-05,preg_check,open,
default,RE_3024_DRY_2,3024,2026-01-21,dryoff,completed,
default,RE_3025_CALV_2,3025,2026-02-12,calving,assisted,
default,RE_3025_HEAT_20260421,3025,2026-04-20,heat,detected,
default,RE_3025_INS_20260421,3025,2026-04-21,insemination,pregnant,method=AI bull=Жигули
default,RE_3026_CALV_1,3026,2025-04-26,calving,assisted,
default,RE_3026_HEAT_20250701,3026,2025-06-30,heat,detected,
default,RE_3026_INS_20250701,3026,2025-07-01,insemination,pregnant,method=AI bull=Витязь
default,RE_3026_PREGCK_20250701,3026,2025-08-05,preg_check,pregnant,
default,RE_3026_DRY_1,3026,2026-02-25,dryoff,completed,
default,RE_3027_CALV_4,3027,2026-03-27,calving,normal,
default,RE_3028_CALV_3,3028,2025-11-17,calving,assisted,
default,RE_3028_HEAT_20260131,3028,2026-01-30,heat,detected,
default,RE_3028_INS_20260131,3028,2026-01-31,insemination,open,method=AI bull=Атаман
default,RE_3028_PREGCK_20260131,3028,2026-03-07,preg_check,open,
default,RE_3029_CALV_4,3029,2025-09-19,calving,normal,
default,RE_3029_HEAT_20251217,3029,2025-12-16,heat,missed,
default,RE_3029_INS_20251217,3029,2025-12-17,insemination,open,method=AI bull=Зевс
default,RE_3029_PREGCK_20251217,3029,2026-01-21,preg_check,open,
default,RE_3030_CALV_1,3030,2026-03-01,calving,normal,
default,RE_3031_CALV_2,3031,2026-04-18,calving,normal,
default,RE_3032_CALV_3,3032,2025-04-06,calving,normal,
default,RE_3032_HEAT_20250616,3032,2025-06-15,heat,detected,
default,RE_3032_INS_20250616,3032,2025-06-16,insemination,pregnant,method=natural bull=stockyard_bull_01
default,RE_3032_PREGCK_20250616,3032,2025-07-21,preg_check,pregnant,
default,RE_3032_DRY_3,3032,2026-02-05,dryoff,completed,
default,RE_3033_CALV_4,3033,2025-09-25,calving,normal,
default,RE_3033_HEAT_20251220,3033,2025-12-19,heat,missed,
default,RE_3033_INS_20251220,3033,2025-12-20,insemination,open,method=AI bull=Кавказ
default,RE_3033_PREGCK_20251220,3033,2026-01-24,preg_check,open,
default,RE_3034_CALV_1,3034,2025-11-17,calving,normal,
default,RE_3034_HEAT_20260203,3034,2026-02-02,heat,missed,
default,RE_3034_INS_20260203,3034,2026-02-03,insemination,open,method=AI bull=Ильич
default,RE_3034_PREGCK_20260203,3034,2026-03-10,preg_check,open,
default,RE_3035_CALV_1,3035,2025-06-28,calving,normal,
default,RE_3035_HEAT_20251023,3035,2025-10-22,heat,detected,
default,RE_3035_INS_20251023,3035,2025-10-23,insemination,open,method=AI bull=Бой
default,RE_3035_PREGCK_20251023,3035,2025-11-27,preg_check,open,
default,RE_3035_DRY_1,3035,2026-04-29,dryoff,completed,
default,RE_3036_CALV_4,3036,2025-08-15,calving,normal,
default,RE_3036_HEAT_20251017,3036,2025-10-16,heat,detected,
default,RE_3036_INS_20251017,3036,2025-10-17,insemination,pregnant,method=AI bull=Граф
default,RE_3036_PREGCK_20251017,3036,2025-11-21,preg_check,pregnant,
default,RE_3037_CALV_2,3037,2026-01-16,calving,normal,
default,RE_3037_HEAT_20260322,3037,2026-03-21,heat,detected,
default,RE_3037_INS_20260322,3037,2026-03-22,insemination,open,method=AI bull=Кавказ
default,RE_3038_CALV_1,3038,2026-02-11,calving,assisted,
default,RE_3039_CALV_3,3039,2026-03-29,calving,normal,
default,RE_3040_CALV_3,3040,2026-01-29,calving,normal,
default,RE_3040_HEAT_20260407,3040,2026-04-06,heat,detected,
default,RE_3040_INS_20260407,3040,2026-04-07,insemination,open,method=AI bull=Кавказ
default,RE_3041_CALV_1,3041,2026-03-28,calving,normal,
default,RE_3042_CALV_4,3042,2026-04-16,calving,normal,
default,RE_3043_CALV_2,3043,2025-10-11,calving,assisted,
default,RE_3043_HEAT_20260104,3043,2026-01-03,heat,detected,
default,RE_3043_INS_20260104,3043,2026-01-04,insemination,pregnant,method=AI bull=Ильич
default,RE_3043_PREGCK_20260104,3043,2026-02-08,preg_check,pregnant,
default,RE_3044_CALV_3,3044,2025-06-11,calving,assisted,
default,RE_3044_HEAT_20251014,3044,2025-10-13,heat,detected,
default,RE_3044_INS_20251014,3044,2025-10-14,insemination,open,method=AI bull=Витязь
default,RE_3044_PREGCK_20251014,3044,2025-11-18,preg_check,open,
default,RE_3044_DRY_3,3044,2026-04-12,dryoff,completed,
default,RE_3045_CALV_1,3045,2026-02-01,calving,normal,
default,RE_3045_HEAT_20260411,3045,2026-04-10,heat,detected,
default,RE_3045_INS_20260411,3045,2026-04-11,insemination,pregnant,method=AI bull=Ильич
default,RE_3046_CALV_1,3046,2025-06-24,calving,normal,
default,RE_3046_HEAT_20250922,3046,2025-09-21,heat,detected,
default,RE_3046_INS_20250922,3046,2025-09-22,insemination,pregnant,method=AI bull=Каскад
default,RE_3046_PREGCK_20250922,3046,2025-10-27,preg_check,pregnant,
default,RE_3046_DRY_1,3046,2026-04-25,dryoff,completed,
default,RE_3047_CALV_1,3047,2025-06-24,calving,assisted,
default,RE_3047_HEAT_20250922,3047,2025-09-21,heat,detected,
default,RE_3047_INS_20250922,3047,2025-09-22,insemination,pregnant,method=AI bull=Орёл
default,RE_3047_PREGCK_20250922,3047,2025-10-27,preg_check,pregnant,
default,RE_3047_DRY_1,3047,2026-04-25,dryoff,completed,
default,RE_3048_CALV_1,3048,2025-09-11,calving,normal,
default,RE_3048_HEAT_20251125,3048,2025-11-24,heat,detected,
default,RE_3048_INS_20251125,3048,2025-11-25,insemination,open,method=AI bull=Дунай
default,RE_3048_PREGCK_20251125,3048,2025-12-30,preg_check,open,
default,RE_3049_CALV_2,3049,2026-01-10,calving,assisted,
default,RE_3049_HEAT_20260402,3049,2026-04-01,heat,detected,
default,RE_3049_INS_20260402,3049,2026-04-02,insemination,open,method=AI bull=Дунай
default,RE_3050_CALV_1,3050,2025-09-20,calving,normal,
default,RE_3050_HEAT_20251119,3050,2025-11-18,heat,missed,
default,RE_3050_INS_20251119,3050,2025-11-19,insemination,pregnant,method=AI bull=Ильич
default,RE_3050_PREGCK_20251119,3050,2025-12-24,preg_check,pregnant,
default,RE_3051_CALV_1,3051,2026-02-05,calving,normal,
default,RE_3051_HEAT_20260503,3051,2026-05-02,heat,detected,
default,RE_3051_INS_20260503,3051,2026-05-03,insemination,open,method=AI bull=Бой
default,RE_3051_PREGCK_20260503,3051,2026-06-07,preg_check,open,
default,RE_3052_CALV_4,3052,2025-06-21,calving,assisted,
default,RE_3052_HEAT_20250916,3052,2025-09-15,heat,detected,
default,RE_3052_INS_20250916,3052,2025-09-16,insemination,open,method=AI bull=Ильич
default,RE_3052_PREGCK_20250916,3052,2025-10-21,preg_check,open,
default,RE_3052_DRY_4,3052,2026-04-22,dryoff,completed,
default,RE_3053_CALV_1,3053,2026-03-04,calving,normal,
default,RE_3054_CALV_1,3054,2026-04-18,calving,normal,
default,RE_3055_CALV_2,3055,2025-07-08,calving,normal,
default,RE_3055_HEAT_20250920,3055,2025-09-19,heat,detected,
default,RE_3055_INS_20250920,3055,2025-09-20,insemination,open,method=AI bull=Атлас
default,RE_3055_PREGCK_20250920,3055,2025-10-25,preg_check,open,
default,RE_3055_DRY_2,3055,2026-05-09,dryoff,completed,
default,RE_3056_CALV_2,3056,2026-03-28,calving,assisted,
default,RE_3057_CALV_4,3057,2026-04-13,calving,assisted,
default,RE_3058_CALV_2,3058,2026-04-02,calving,normal,
default,RE_3059_CALV_2,3059,2026-02-14,calving,assisted,
default,RE_3059_HEAT_20260429,3059,2026-04-28,heat,detected,
default,RE_3059_INS_20260429,3059,2026-04-29,insemination,open,method=AI bull=Атлас
default,RE_3059_PREGCK_20260429,3059,2026-06-03,preg_check,open,
default,RE_3060_CALV_3,3060,2025-11-03,calving,normal,
default,RE_3060_HEAT_20260121,3060,2026-01-20,heat,detected,
default,RE_3060_INS_20260121,3060,2026-01-21,insemination,open,method=AI bull=Зевс
default,RE_3060_PREGCK_20260121,3060,2026-02-25,preg_check,open,
default,RE_3061_CALV_3,3061,2025-04-18,calving,normal,
default,RE_3061_HEAT_20250624,3061,2025-06-23,heat,detected,
default,RE_3061_INS_20250624,3061,2025-06-24,insemination,pregnant,method=natural bull=stockyard_bull_01
default,RE_3061_PREGCK_20250624,3061,2025-07-29,preg_check,pregnant,
default,RE_3061_DRY_3,3061,2026-02-17,dryoff,completed,
default,RE_3062_CALV_2,3062,2025-11-30,calving,normal,
default,RE_3062_HEAT_20260210,3062,2026-02-09,heat,missed,
default,RE_3062_INS_20260210,3062,2026-02-10,insemination,open,method=AI bull=Атаман
default,RE_3062_PREGCK_20260210,3062,2026-03-17,preg_check,open,
default,RE_3063_CALV_4,3063,2025-11-12,calving,normal,
default,RE_3063_HEAT_20260202,3063,2026-02-01,heat,missed,
default,RE_3063_INS_20260202,3063,2026-02-02,insemination,open,method=AI bull=Зевс
default,RE_3063_PREGCK_20260202,3063,2026-03-09,preg_check,open,
default,RE_3064_CALV_2,3064,2026-03-26,calving,normal,
default,RE_3065_CALV_3,3065,2025-11-25,calving,normal,
default,RE_3065_HEAT_20260220,3065,2026-02-19,heat,detected,
default,RE_3065_INS_20260220,3065,2026-02-20,insemination,pregnant,method=AI bull=Жигули
default,RE_3065_PREGCK_20260220,3065,2026-03-27,preg_check,pregnant,
default,RE_3066_CALV_2,3066,2025-10-14,calving,normal,
default,RE_3066_HEAT_20260109,3066,2026-01-08,heat,missed,
default,RE_3066_INS_20260109,3066,2026-01-09,insemination,open,method=AI bull=Атаман
default,RE_3066_PREGCK_20260109,3066,2026-02-13,preg_check,open,
default,RE_3067_CALV_1,3067,2026-01-21,calving,normal,
default,RE_3067_HEAT_20260328,3067,2026-03-27,heat,missed,
default,RE_3067_INS_20260328,3067,2026-03-28,insemination,open,method=AI bull=Атаман
default,RE_3068_CALV_1,3068,2026-04-03,calving,normal,
default,RE_3069_CALV_2,3069,2025-08-28,calving,assisted,
default,RE_3069_HEAT_20251104,3069,2025-11-03,heat,detected,
default,RE_3069_INS_20251104,3069,2025-11-04,insemination,open,method=AI bull=Жигули
default,RE_3069_PREGCK_20251104,3069,2025-12-09,preg_check,open,
default,RE_3070_CALV_3,3070,2025-12-11,calving,assisted,
default,RE_3070_HEAT_20260306,3070,2026-03-05,heat,missed,
default,RE_3070_INS_20260306,3070,2026-03-06,insemination,pregnant,method=AI bull=Буран
default,RE_3070_PREGCK_20260306,3070,2026-04-10,preg_check,pregnant,
default,RE_3071_CALV_2,3071,2025-06-09,calving,normal,
default,RE_3071_HEAT_20250903,3071,2025-09-02,heat,detected,
default,RE_3071_INS_20250903,3071,2025-09-03,insemination,open,method=AI bull=Орёл
default,RE_3071_PREGCK_20250903,3071,2025-10-08,preg_check,open,
default,RE_3071_DRY_2,3071,2026-04-10,dryoff,completed,
default,RE_3072_CALV_2,3072,2026-03-14,calving,normal,
default,RE_3073_CALV_2,3073,2026-04-06,calving,normal,
default,RE_3074_CALV_2,3074,2025-10-05,calving,normal,
default,RE_3074_HEAT_20251205,3074,2025-12-04,heat,missed,
default,RE_3074_INS_20251205,3074,2025-12-05,insemination,open,method=AI bull=Ильич
default,RE_3074_PREGCK_20251205,3074,2026-01-09,preg_check,open,
default,RE_3075_CALV_1,3075,2026-02-01,calving,assisted,
default,RE_3075_HEAT_20260404,3075,2026-04-03,heat,detected,
default,RE_3075_INS_20260404,3075,2026-04-04,insemination,pregnant,method=AI bull=Гром
default,RE_3076_CALV_2,3076,2025-09-23,calving,normal,
default,RE_3076_HEAT_20251216,3076,2025-12-15,heat,detected,
default,RE_3076_INS_20251216,3076,2025-12-16,insemination,pregnant,method=AI bull=Ермак
default,RE_3076_PREGCK_20251216,3076,2026-01-20,preg_check,pregnant,
default,RE_3077_CALV_1,3077,2026-01-12,calving,normal,
default,RE_3077_HEAT_20260331,3077,2026-03-30,heat,detected,
default,RE_3077_INS_20260331,3077,2026-03-31,insemination,open,method=AI bull=Ермак
default,RE_3078_CALV_3,3078,2026-03-11,calving,normal,
default,RE_3079_CALV_2,3079,2026-02-09,calving,normal,
default,RE_3079_HEAT_20260507,3079,2026-05-06,heat,detected,
default,RE_3079_INS_20260507,3079,2026-05-07,insemination,pregnant,method=natural bull=stockyard_bull_01
default,RE_3079_PREGCK_20260507,3079,2026-06-11,preg_check,pregnant,
default,RE_3080_CALV_1,3080,2026-02-03,calving,assisted,
default,RE_3080_HEAT_20260408,3080,2026-04-07,heat,missed,
default,RE_3080_INS_20260408,3080,2026-04-08,insemination,pregnant,method=AI bull=Зевс
default,RE_3081_CALV_1,3081,2026-03-13,calving,normal,
default,RE_3082_CALV_1,3082,2025-11-11,calving,assisted,
default,RE_3082_HEAT_20260120,3082,2026-01-19,heat,detected,
default,RE_3082_INS_20260120,3082,2026-01-20,insemination,open,method=AI bull=Дунай
default,RE_3082_PREGCK_20260120,3082,2026-02-24,preg_check,open,
default,RE_3083_CALV_1,3083,2025-11-19,calving,normal,
default,RE_3083_HEAT_20260131,3083,2026-01-30,heat,detected,
default,RE_3083_INS_20260131,3083,2026-01-31,insemination,open,method=AI bull=Дунай
default,RE_3083_PREGCK_20260131,3083,2026-03-07,preg_check,open,
default,RE_3084_CALV_2,3084,2025-11-01,calving,normal,
default,RE_3084_HEAT_20260119,3084,2026-01-18,heat,detected,
default,RE_3084_INS_20260119,3084,2026-01-19,insemination,pregnant,method=AI bull=Кавказ
default,RE_3084_PREGCK_20260119,3084,2026-02-23,preg_check,pregnant,
default,RE_3085_CALV_3,3085,2025-05-27,calving,normal,
default,RE_3085_DRY_3,3085,2026-03-28,dryoff,completed,
default,RE_3086_CALV_3,3086,2025-11-02,calving,normal,
default,RE_3086_HEAT_20260118,3086,2026-01-17,heat,missed,
default,RE_3086_INS_20260118,3086,2026-01-18,insemination,open,method=AI bull=Жигули
default,RE_3086_PREGCK_20260118,3086,2026-02-22,preg_check,open,
default,RE_3087_CALV_2,3087,2026-02-12,calving,assisted,
default,RE_3088_CALV_2,3088,2026-02-09,calving,normal,
default,RE_3088_HEAT_20260419,3088,2026-04-18,heat,detected,
default,RE_3088_INS_20260419,3088,2026-04-19,insemination,pregnant,method=AI bull=Буран
default,RE_3089_CALV_2,3089,2025-12-25,calving,assisted,
default,RE_3089_HEAT_20260311,3089,2026-03-10,heat,missed,
default,RE_3089_INS_20260311,3089,2026-03-11,insemination,open,method=AI bull=Ермак
default,RE_3089_PREGCK_20260311,3089,2026-04-15,preg_check,open,
default,RE_3090_CALV_2,3090,2025-11-19,calving,normal,
default,RE_3090_HEAT_20260124,3090,2026-01-23,heat,detected,
default,RE_3090_INS_20260124,3090,2026-01-24,insemination,open,method=AI bull=Жигули
default,RE_3090_PREGCK_20260124,3090,2026-02-28,preg_check,open,
default,RE_3091_CALV_2,3091,2026-04-02,calving,normal,
default,RE_3092_CALV_1,3092,2025-03-25,calving,normal,
default,RE_3092_HEAT_20250720,3092,2025-07-19,heat,detected,
default,RE_3092_INS_20250720,3092,2025-07-20,insemination,pregnant,method=natural bull=stockyard_bull_01
default,RE_3092_PREGCK_20250720,3092,2025-08-24,preg_check,pregnant,
default,RE_3092_DRY_1,3092,2026-01-24,dryoff,completed,
default,RE_3093_CALV_2,3093,2025-08-30,calving,normal,
default,RE_3093_HEAT_20251112,3093,2025-11-11,heat,missed,
default,RE_3093_INS_20251112,3093,2025-11-12,insemination,open,method=AI bull=Гром
default,RE_3093_PREGCK_20251112,3093,2025-12-17,preg_check,open,
default,RE_3094_CALV_2,3094,2025-12-14,calving,normal,
default,RE_3094_HEAT_20260219,3094,2026-02-18,heat,detected,
default,RE_3094_INS_20260219,3094,2026-02-19,insemination,pregnant,method=AI bull=Кавказ
default,RE_3094_PREGCK_20260219,3094,2026-03-26,preg_check,pregnant,
default,RE_3095_CALV_3,3095,2025-05-23,calving,normal,
default,RE_3095_HEAT_20250901,3095,2025-08-31,heat,missed,
default,RE_3095_INS_20250901,3095,2025-09-01,insemination,pregnant,method=AI bull=Каскад
default,RE_3095_PREGCK_20250901,3095,2025-10-06,preg_check,pregnant,
default,RE_3095_DRY_3,3095,2026-03-24,dryoff,completed,
default,RE_3096_CALV_1,3096,2026-01-08,calving,normal,
default,RE_3096_HEAT_20260311,3096,2026-03-10,heat,detected,
default,RE_3096_INS_20260311,3096,2026-03-11,insemination,open,method=AI bull=Ермак
default,RE_3096_PREGCK_20260311,3096,2026-04-15,preg_check,open,
default,RE_3097_CALV_1,3097,2026-03-10,calving,normal,
default,RE_3098_CALV_2,3098,2025-10-02,calving,normal,
default,RE_3098_HEAT_20251226,3098,2025-12-25,heat,detected,
default,RE_3098_INS_20251226,3098,2025-12-26,insemination,open,method=AI bull=Гром
default,RE_3098_PREGCK_20251226,3098,2026-01-30,preg_check,open,
default,RE_3099_CALV_1,3099,2026-03-31,calving,normal,
default,RE_3100_CALV_2,3100,2026-02-27,calving,normal,
default,RE_3101_CALV_3,3101,2026-02-22,calving,normal,
default,RE_3102_CALV_1,3102,2026-04-03,calving,assisted,
default,RE_3103_CALV_1,3103,2025-05-10,calving,assisted,
default,RE_3103_HEAT_20250714,3103,2025-07-13,heat,detected,
default,RE_3103_INS_20250714,3103,2025-07-14,insemination,open,method=AI bull=Витязь
default,RE_3103_PREGCK_20250714,3103,2025-08-18,preg_check,open,
default,RE_3103_DRY_1,3103,2026-03-11,dryoff,completed,
default,RE_3104_CALV_2,3104,2026-01-29,calving,normal,
default,RE_3105_CALV_2,3105,2025-07-01,calving,assisted,
default,RE_3105_HEAT_20251010,3105,2025-10-09,heat,detected,
default,RE_3105_INS_20251010,3105,2025-10-10,insemination,open,method=AI bull=Орёл
default,RE_3105_PREGCK_20251010,3105,2025-11-14,preg_check,open,
default,RE_3105_DRY_2,3105,2026-05-02,dryoff,completed,
default,RE_3106_CALV_2,3106,2025-11-15,calving,assisted,
default,RE_3106_HEAT_20260202,3106,2026-02-01,heat,missed,
default,RE_3106_INS_20260202,3106,2026-02-02,insemination,open,method=AI bull=Кавказ
default,RE_3106_PREGCK_20260202,3106,2026-03-09,preg_check,open,
default,RE_3107_CALV_3,3107,2026-01-03,calving,assisted,
default,RE_3107_HEAT_20260325,3107,2026-03-24,heat,detected,
default,RE_3107_INS_20260325,3107,2026-03-25,insemination,open,method=AI bull=Буран
default,RE_3108_CALV_1,3108,2025-10-01,calving,normal,
default,RE_3108_HEAT_20251221,3108,2025-12-20,heat,missed,
default,RE_3108_INS_20251221,3108,2025-12-21,insemination,open,method=AI bull=Гром
default,RE_3108_PREGCK_20251221,3108,2026-01-25,preg_check,open,
default,RE_3109_CALV_4,3109,2025-12-12,calving,normal,
default,RE_3109_HEAT_20260216,3109,2026-02-15,heat,missed,
default,RE_3109_INS_20260216,3109,2026-02-16,insemination,pregnant,method=AI bull=Вихрь
default,RE_3109_PREGCK_20260216,3109,2026-03-23,preg_check,pregnant,
default,RE_3110_CALV_4,3110,2025-04-06,calving,normal,
default,RE_3110_HEAT_20250609,3110,2025-06-08,heat,detected,
default,RE_3110_INS_20250609,3110,2025-06-09,insemination,pregnant,method=AI bull=Орёл
default,RE_3110_PREGCK_20250609,3110,2025-07-14,preg_check,pregnant,
default,RE_3110_DRY_4,3110,2026-02-05,dryoff,completed,
default,RE_3111_CALV_4,3111,2025-10-09,calving,normal,
default,RE_3111_HEAT_20260104,3111,2026-01-03,heat,detected,
default,RE_3111_INS_20260104,3111,2026-01-04,insemination,open,method=AI bull=Атаман
default,RE_3111_PREGCK_20260104,3111,2026-02-08,preg_check,open,
default,RE_3112_CALV_1,3112,2025-05-17,calving,normal,
default,RE_3112_HEAT_20250721,3112,2025-07-20,heat,detected,
default,RE_3112_INS_20250721,3112,2025-07-21,insemination,pregnant,method=AI bull=Граф
default,RE_3112_PREGCK_20250721,3112,2025-08-25,preg_check,pregnant,
default,RE_3112_DRY_1,3112,2026-03-18,dryoff,completed,
default,RE_3113_CALV_4,3113,2025-10-22,calving,normal,
default,RE_3113_HEAT_20260112,3113,2026-01-11,heat,detected,
default,RE_3113_INS_20260112,3113,2026-01-12,insemination,pregnant,method=AI bull=Буран
default,RE_3113_PREGCK_20260112,3113,2026-02-16,preg_check,pregnant,
default,RE_3114_CALV_4,3114,2025-06-22,calving,normal,
default,RE_3114_HEAT_20250930,3114,2025-09-29,heat,detected,
default,RE_3114_INS_20250930,3114,2025-09-30,insemination,open,method=natural bull=stockyard_bull_01
default,RE_3114_PREGCK_20250930,3114,2025-11-04,preg_check,open,
default,RE_3114_DRY_4,3114,2026-04-23,dryoff,completed,
default,RE_3115_CALV_4,3115,2026-04-20,calving,normal,
default,RE_3116_CALV_2,3116,2025-11-24,calving,normal,
default,RE_3116_HEAT_20260129,3116,2026-01-28,heat,missed,
default,RE_3116_INS_20260129,3116,2026-01-29,insemination,pregnant,method=AI bull=Буран
default,RE_3116_PREGCK_20260129,3116,2026-03-05,preg_check,pregnant,
default,RE_3117_CALV_1,3117,2026-01-02,calving,normal,
default,RE_3117_HEAT_20260316,3117,2026-03-15,heat,detected,
default,RE_3117_INS_20260316,3117,2026-03-16,insemination,open,method=AI bull=Жигули
default,RE_3117_PREGCK_20260316,3117,2026-04-20,preg_check,open,
default,RE_3118_CALV_1,3118,2025-03-20,calving,assisted,
default,RE_3118_HEAT_20250611,3118,2025-06-10,heat,detected,
default,RE_3118_INS_20250611,3118,2025-06-11,insemination,open,method=AI bull=Бой
default,RE_3118_PREGCK_20250611,3118,2025-07-16,preg_check,open,
default,RE_3118_DRY_1,3118,2026-01-19,dryoff,completed,
default,RE_3119_CALV_4,3119,2025-12-22,calving,normal,
default,RE_3119_HEAT_20260321,3119,2026-03-20,heat,missed,
default,RE_3119_INS_20260321,3119,2026-03-21,insemination,pregnant,method=AI bull=Кавказ
default,RE_3120_CALV_2,3120,2025-08-02,calving,normal,
default,RE_3120_HEAT_20251117,3120,2025-11-16,heat,detected,
default,RE_3120_INS_20251117,3120,2025-11-17,insemination,pregnant,method=natural bull=stockyard_bull_01
default,RE_3120_PREGCK_20251117,3120,2025-12-22,preg_check,pregnant,
default,RE_3121_CALV_2,3121,2025-05-24,calving,normal,
default,RE_3121_HEAT_20250821,3121,2025-08-20,heat,detected,
default,RE_3121_INS_20250821,3121,2025-08-21,insemination,pregnant,method=AI bull=Орёл
default,RE_3121_PREGCK_20250821,3121,2025-09-25,preg_check,pregnant,
default,RE_3121_DRY_2,3121,2026-03-25,dryoff,completed,
default,RE_3122_CALV_2,3122,2025-12-16,calving,normal,
default,RE_3122_HEAT_20260221,3122,2026-02-20,heat,detected,
default,RE_3122_INS_20260221,3122,2026-02-21,insemination,pregnant,method=AI bull=Зевс
default,RE_3122_PREGCK_20260221,3122,2026-03-28,preg_check,pregnant,
default,RE_3123_CALV_1,3123,2026-02-18,calving,normal,
default,RE_3123_HEAT_20260427,3123,2026-04-26,heat,detected,
default,RE_3123_INS_20260427,3123,2026-04-27,insemination,open,method=AI bull=Ильич
default,RE_3123_PREGCK_20260427,3123,2026-06-01,preg_check,open,
default,RE_3124_CALV_2,3124,2025-10-10,calving,normal,
default,RE_3124_HEAT_20260105,3124,2026-01-04,heat,detected,
default,RE_3124_INS_20260105,3124,2026-01-05,insemination,pregnant,method=AI bull=Дунай
default,RE_3124_PREGCK_20260105,3124,2026-02-09,preg_check,pregnant,
default,RE_3125_CALV_2,3125,2025-08-12,calving,normal,
default,RE_3125_HEAT_20251022,3125,2025-10-21,heat,detected,
default,RE_3125_INS_20251022,3125,2025-10-22,insemination,pregnant,method=AI bull=Витязь
default,RE_3125_PREGCK_20251022,3125,2025-11-26,preg_check,pregnant,
default,RE_3126_CALV_2,3126,2025-04-15,calving,assisted,
default,RE_3126_DRY_2,3126,2026-02-14,dryoff,completed,
default,RE_3127_CALV_4,3127,2026-03-11,calving,normal,
default,RE_3128_CALV_2,3128,2025-11-02,calving,normal,
default,RE_3128_HEAT_20260103,3128,2026-01-02,heat,missed,
default,RE_3128_INS_20260103,3128,2026-01-03,insemination,open,method=AI bull=Гром
default,RE_3128_PREGCK_20260103,3128,2026-02-07,preg_check,open,
default,RE_3129_CALV_2,3129,2025-05-19,calving,assisted,
default,RE_3129_HEAT_20250926,3129,2025-09-25,heat,detected,
default,RE_3129_INS_20250926,3129,2025-09-26,insemination,pregnant,method=natural bull=stockyard_bull_01
default,RE_3129_PREGCK_20250926,3129,2025-10-31,preg_check,pregnant,
default,RE_3129_DRY_2,3129,2026-03-20,dryoff,completed,
default,RE_3130_CALV_1,3130,2025-03-27,calving,assisted,
default,RE_3130_HEAT_20250621,3130,2025-06-20,heat,detected,
default,RE_3130_INS_20250621,3130,2025-06-21,insemination,open,method=AI bull=Бой
default,RE_3130_PREGCK_20250621,3130,2025-07-26,preg_check,open,
default,RE_3130_DRY_1,3130,2026-01-26,dryoff,completed,
default,RE_3131_CALV_2,3131,2025-11-26,calving,assisted,
default,RE_3131_HEAT_20260201,3131,2026-01-31,heat,detected,
default,RE_3131_INS_20260201,3131,2026-02-01,insemination,pregnant,method=AI bull=Дунай
default,RE_3131_PREGCK_20260201,3131,2026-03-08,preg_check,pregnant,
default,RE_3132_CALV_2,3132,2025-10-17,calving,assisted,
default,RE_3132_HEAT_20260113,3132,2026-01-12,heat,detected,
default,RE_3132_INS_20260113,3132,2026-01-13,insemination,pregnant,method=AI bull=Буран
default,RE_3132_PREGCK_20260113,3132,2026-02-17,preg_check,pregnant,
default,RE_3133_CALV_1,3133,2025-10-30,calving,assisted,
default,RE_3133_HEAT_20251229,3133,2025-12-28,heat,missed,
default,RE_3133_INS_20251229,3133,2025-12-29,insemination,open,method=AI bull=Вихрь
default,RE_3133_PREGCK_20251229,3133,2026-02-02,preg_check,open,
default,RE_3134_CALV_4,3134,2026-03-06,calving,normal,
default,RE_3134_HEAT_20260507,3134,2026-05-06,heat,detected,
default,RE_3134_INS_20260507,3134,2026-05-07,insemination,open,method=AI bull=Орёл
default,RE_3134_PREGCK_20260507,3134,2026-06-11,preg_check,open,
default,RE_3135_CALV_1,3135,2026-04-01,calving,assisted,
default,RE_3136_CALV_2,3136,2026-02-18,calving,normal,
default,RE_3137_CALV_3,3137,2026-03-07,calving,normal,
default,RE_3138_CALV_1,3138,2026-03-09,calving,normal,
default,RE_3139_CALV_3,3139,2025-07-24,calving,assisted,
default,RE_3139_HEAT_20251031,3139,2025-10-30,heat,detected,
default,RE_3139_INS_20251031,3139,2025-10-31,insemination,pregnant,method=AI bull=Витязь
default,RE_3139_PREGCK_20251031,3139,2025-12-05,preg_check,pregnant,
default,RE_3140_CALV_2,3140,2026-04-07,calving,normal,
default,RE_3141_CALV_3,3141,2025-07-26,calving,normal,
default,RE_3141_HEAT_20251010,3141,2025-10-09,heat,detected,
default,RE_3141_INS_20251010,3141,2025-10-10,insemination,open,method=AI bull=Орёл
default,RE_3141_PREGCK_20251010,3141,2025-11-14,preg_check,open,
default,RE_3143_CALV_3,3143,2025-12-02,calving,normal,
default,RE_3143_HEAT_20260201,3143,2026-01-31,heat,detected,
default,RE_3143_INS_20260201,3143,2026-02-01,insemination,open,method=AI bull=Ильич
default,RE_3143_PREGCK_20260201,3143,2026-03-08,preg_check,open,
default,RE_3144_CALV_2,3144,2025-05-13,calving,assisted,
default,RE_3144_HEAT_20250821,3144,2025-08-20,heat,detected,
default,RE_3144_INS_20250821,3144,2025-08-21,insemination,open,method=AI bull=Витязь
default,RE_3144_PREGCK_20250821,3144,2025-09-25,preg_check,open,
default,RE_3144_DRY_2,3144,2026-03-14,dryoff,completed,
default,RE_3145_CALV_1,3145,2026-01-10,calving,normal,
default,RE_3145_HEAT_20260316,3145,2026-03-15,heat,missed,
default,RE_3145_INS_20260316,3145,2026-03-16,insemination,pregnant,method=AI bull=Зевс
default,RE_3145_PREGCK_20260316,3145,2026-04-20,preg_check,pregnant,
default,RE_3146_CALV_2,3146,2026-02-03,calving,assisted,
default,RE_3146_HEAT_20260429,3146,2026-04-28,heat,detected,
default,RE_3146_INS_20260429,3146,2026-04-29,insemination,pregnant,method=AI bull=Каскад
default,RE_3146_PREGCK_20260429,3146,2026-06-03,preg_check,pregnant,
default,RE_3147_CALV_4,3147,2026-03-15,calving,normal,
default,RE_3148_CALV_1,3148,2025-09-05,calving,normal,
default,RE_3148_HEAT_20251105,3148,2025-11-04,heat,missed,
default,RE_3148_INS_20251105,3148,2025-11-05,insemination,open,method=AI bull=Ильич
default,RE_3148_PREGCK_20251105,3148,2025-12-10,preg_check,open,
default,RE_3149_CALV_1,3149,2025-12-25,calving,assisted,
default,RE_3149_HEAT_20260303,3149,2026-03-02,heat,detected,
default,RE_3149_INS_20260303,3149,2026-03-03,insemination,open,method=AI bull=Дунай
default,RE_3149_PREGCK_20260303,3149,2026-04-07,preg_check,open,
default,RE_3150_CALV_2,3150,2025-03-17,calving,assisted,
default,RE_3150_HEAT_20250527,3150,2025-05-26,heat,detected,
default,RE_3150_INS_20250527,3150,2025-05-27,insemination,open,method=AI bull=Витязь
default,RE_3150_PREGCK_20250527,3150,2025-07-01,preg_check,open,
default,RE_3150_DRY_2,3150,2026-01-16,dryoff,completed,
default,RE_3151_CALV_2,3151,2026-02-01,calving,normal,
default,RE_3152_CALV_2,3152,2025-11-20,calving,normal,
default,RE_3152_HEAT_20260131,3152,2026-01-30,heat,detected,
default,RE_3152_INS_20260131,3152,2026-01-31,insemination,open,method=AI bull=Гром
default,RE_3152_PREGCK_20260131,3152,2026-03-07,preg_check,open,
default,RE_3153_CALV_2,3153,2025-10-25,calving,normal,
default,RE_3153_HEAT_20260111,3153,2026-01-10,heat,missed,
default,RE_3153_INS_20260111,3153,2026-01-11,insemination,pregnant,method=AI bull=Гром
default,RE_3153_PREGCK_20260111,3153,2026-02-15,preg_check,pregnant,
default,RE_3154_CALV_3,3154,2026-03-21,calving,assisted,
default,RE_3155_CALV_2,3155,2025-10-12,calving,assisted,
default,RE_3155_HEAT_20251214,3155,2025-12-13,heat,detected,
default,RE_3155_INS_20251214,3155,2025-12-14,insemination,pregnant,method=AI bull=Гром
default,RE_3155_PREGCK_20251214,3155,2026-01-18,preg_check,pregnant,
default,RE_3156_CALV_4,3156,2026-03-01,calving,assisted,
default,RE_3157_CALV_2,3157,2025-05-30,calving,normal,
default,RE_3157_HEAT_20250807,3157,2025-08-06,heat,detected,
default,RE_3157_INS_20250807,3157,2025-08-07,insemination,pregnant,method=AI bull=Орёл
default,RE_3157_PREGCK_20250807,3157,2025-09-11,preg_check,pregnant,
default,RE_3157_DRY_2,3157,2026-03-31,dryoff,completed,
default,RE_3158_CALV_2,3158,2026-04-10,calving,normal,
default,RE_3159_CALV_2,3159,2025-10-18,calving,normal,
default,RE_3159_HEAT_20260105,3159,2026-01-04,heat,detected,
default,RE_3159_INS_20260105,3159,2026-01-05,insemination,open,method=AI bull=Жигули
default,RE_3159_PREGCK_20260105,3159,2026-02-09,preg_check,open,
default,RE_3160_CALV_2,3160,2025-08-04,calving,normal,
default,RE_3160_HEAT_20251029,3160,2025-10-28,heat,missed,
default,RE_3160_INS_20251029,3160,2025-10-29,insemination,open,method=AI bull=Атаман
default,RE_3160_PREGCK_20251029,3160,2025-12-03,preg_check,open,
default,RE_3161_CALV_4,3161,2025-11-06,calving,assisted,
default,RE_3161_HEAT_20260124,3161,2026-01-23,heat,detected,
default,RE_3161_INS_20260124,3161,2026-01-24,insemination,pregnant,method=AI bull=Ермак
default,RE_3161_PREGCK_20260124,3161,2026-02-28,preg_check,pregnant,
default,RE_3162_CALV_3,3162,2026-04-13,calving,normal,
default,RE_3163_CALV_2,3163,2025-08-14,calving,normal,
default,RE_3164_CALV_1,3164,2025-05-20,calving,assisted,
default,RE_3164_HEAT_20250811,3164,2025-08-10,heat,detected,
default,RE_3164_INS_20250811,3164,2025-08-11,insemination,pregnant,method=AI bull=Атлас
default,RE_3164_PREGCK_20250811,3164,2025-09-15,preg_check,pregnant,
default,RE_3164_DRY_1,3164,2026-03-21,dryoff,completed,
default,RE_3165_CALV_2,3165,2026-01-30,calving,normal,
default,RE_3165_HEAT_20260428,3165,2026-04-27,heat,detected,
default,RE_3165_INS_20260428,3165,2026-04-28,insemination,pregnant,method=natural bull=stockyard_bull_01
default,RE_3165_PREGCK_20260428,3165,2026-06-02,preg_check,pregnant,
default,RE_3166_CALV_4,3166,2025-09-08,calving,normal,
default,RE_3166_HEAT_20251117,3166,2025-11-16,heat,detected,
default,RE_3166_INS_20251117,3166,2025-11-17,insemination,open,method=AI bull=Кавказ
default,RE_3166_PREGCK_20251117,3166,2025-12-22,preg_check,open,
default,RE_3167_CALV_1,3167,2025-03-18,calving,assisted,
default,RE_3167_HEAT_20250623,3167,2025-06-22,heat,detected,
default,RE_3167_INS_20250623,3167,2025-06-23,insemination,pregnant,method=natural bull=stockyard_bull_01
default,RE_3167_PREGCK_20250623,3167,2025-07-28,preg_check,pregnant,
default,RE_3167_DRY_1,3167,2026-01-17,dryoff,completed,
default,RE_3168_CALV_3,3168,2025-08-06,calving,normal,
default,RE_3168_HEAT_20251204,3168,2025-12-03,heat,detected,
default,RE_3168_INS_20251204,3168,2025-12-04,insemination,open,method=AI bull=Витязь
default,RE_3168_PREGCK_20251204,3168,2026-01-08,preg_check,open,
default,RE_3169_CALV_1,3169,2026-02-17,calving,normal,
default,RE_3169_HEAT_20260502,3169,2026-05-01,heat,detected,
default,RE_3169_INS_20260502,3169,2026-05-02,insemination,pregnant,method=AI bull=Зорро
default,RE_3169_PREGCK_20260502,3169,2026-06-06,preg_check,pregnant,
default,RE_3170_CALV_2,3170,2025-04-19,calving,assisted,
default,RE_3170_HEAT_20250819,3170,2025-08-18,heat,detected,
default,RE_3170_INS_20250819,3170,2025-08-19,insemination,pregnant,method=natural bull=stockyard_bull_01
default,RE_3170_PREGCK_20250819,3170,2025-09-23,preg_check,pregnant,
default,RE_3170_DRY_2,3170,2026-02-18,dryoff,completed,
default,RE_3171_CALV_1,3171,2026-04-07,calving,normal,
default,RE_3172_CALV_1,3172,2025-12-31,calving,normal,
default,RE_3172_HEAT_20260331,3172,2026-03-30,heat,missed,
default,RE_3172_INS_20260331,3172,2026-03-31,insemination,open,method=AI bull=Жигули
default,RE_3173_CALV_1,3173,2025-10-19,calving,normal,
default,RE_3173_HEAT_20260112,3173,2026-01-11,heat,detected,
default,RE_3173_INS_20260112,3173,2026-01-12,insemination,open,method=AI bull=Жигули
default,RE_3173_PREGCK_20260112,3173,2026-02-16,preg_check,open,
default,RE_3174_CALV_1,3174,2025-11-09,calving,assisted,
default,RE_3174_HEAT_20260109,3174,2026-01-08,heat,detected,
default,RE_3174_INS_20260109,3174,2026-01-09,insemination,pregnant,method=AI bull=Буран
default,RE_3174_PREGCK_20260109,3174,2026-02-13,preg_check,pregnant,
default,RE_3175_CALV_4,3175,2025-11-11,calving,normal,
default,RE_3175_HEAT_20260203,3175,2026-02-02,heat,detected,
default,RE_3175_INS_20260203,3175,2026-02-03,insemination,open,method=AI bull=Кавказ
default,RE_3175_PREGCK_20260203,3175,2026-03-10,preg_check,open,
default,RE_3176_CALV_3,3176,2025-08-20,calving,assisted,
default,RE_3176_HEAT_20251116,3176,2025-11-15,heat,detected,
default,RE_3176_INS_20251116,3176,2025-11-16,insemination,open,method=AI bull=Вихрь
default,RE_3176_PREGCK_20251116,3176,2025-12-21,preg_check,open,
default,RE_3177_CALV_3,3177,2025-05-26,calving,normal,
default,RE_3177_HEAT_20250909,3177,2025-09-08,heat,detected,
default,RE_3177_INS_20250909,3177,2025-09-09,insemination,open,method=AI bull=Граф
default,RE_3177_PREGCK_20250909,3177,2025-10-14,preg_check,open,
default,RE_3177_DRY_3,3177,2026-03-27,dryoff,completed,
default,RE_3178_CALV_4,3178,2026-02-16,calving,normal,
default,RE_3178_HEAT_20260418,3178,2026-04-17,heat,detected,
default,RE_3178_INS_20260418,3178,2026-04-18,insemination,pregnant,method=AI bull=Жигули
default,RE_3179_CALV_1,3179,2026-02-20,calving,assisted,
default,RE_3180_CALV_4,3180,2026-03-08,calving,normal,
default,RE_3181_CALV_2,3181,2025-08-27,calving,normal,
default,RE_3181_HEAT_20251108,3181,2025-11-07,heat,missed,
default,RE_3181_INS_20251108,3181,2025-11-08,insemination,open,method=AI bull=Вихрь
default,RE_3181_PREGCK_20251108,3181,2025-12-13,preg_check,open,
default,RE_3182_CALV_2,3182,2025-04-09,calving,assisted,
default,RE_3182_HEAT_20250725,3182,2025-07-24,heat,detected,
default,RE_3182_INS_20250725,3182,2025-07-25,insemination,pregnant,method=natural bull=stockyard_bull_01
default,RE_3182_PREGCK_20250725,3182,2025-08-29,preg_check,pregnant,
default,RE_3182_DRY_2,3182,2026-02-08,dryoff,completed,
default,RE_3183_CALV_3,3183,2025-12-25,calving,normal,
default,RE_3183_HEAT_20260307,3183,2026-03-06,heat,detected,
default,RE_3183_INS_20260307,3183,2026-03-07,insemination,pregnant,method=AI bull=Ермак
default,RE_3183_PREGCK_20260307,3183,2026-04-11,preg_check,pregnant,
default,RE_3184_CALV_2,3184,2026-02-15,calving,assisted,
default,RE_3185_CALV_4,3185,2026-03-31,calving,normal,
default,RE_3186_CALV_2,3186,2025-10-17,calving,assisted,
default,RE_3186_HEAT_20251231,3186,2025-12-30,heat,detected,
default,RE_3186_INS_20251231,3186,2025-12-31,insemination,open,method=AI bull=Атаман
default,RE_3186_PREGCK_20251231,3186,2026-02-04,preg_check,open,
default,RE_3187_CALV_1,3187,2025-08-09,calving,normal,
default,RE_3187_HEAT_20251015,3187,2025-10-14,heat,detected,
default,RE_3187_INS_20251015,3187,2025-10-15,insemination,open,method=natural bull=stockyard_bull_01
default,RE_3187_PREGCK_20251015,3187,2025-11-19,preg_check,open,
default,RE_3188_CALV_2,3188,2026-03-28,calving,normal,
default,RE_3189_CALV_3,3189,2025-09-20,calving,normal,
default,RE_3189_HEAT_20251130,3189,2025-11-29,heat,missed,
default,RE_3189_INS_20251130,3189,2025-11-30,insemination,pregnant,method=AI bull=Жигули
default,RE_3189_PREGCK_20251130,3189,2026-01-04,preg_check,pregnant,
default,RE_3190_CALV_2,3190,2026-03-27,calving,normal,
default,RE_3191_CALV_1,3191,2026-01-16,calving,normal,
default,RE_3191_HEAT_20260414,3191,2026-04-13,heat,missed,
default,RE_3191_INS_20260414,3191,2026-04-14,insemination,pregnant,method=AI bull=Жигули
default,RE_3192_CALV_1,3192,2026-03-13,calving,normal,
default,RE_3193_CALV_4,3193,2026-01-04,calving,normal,
default,RE_3193_HEAT_20260316,3193,2026-03-15,heat,missed,
default,RE_3193_INS_20260316,3193,2026-03-16,insemination,open,method=AI bull=Кавказ
default,RE_3193_PREGCK_20260316,3193,2026-04-20,preg_check,open,
default,RE_3194_CALV_1,3194,2026-01-01,calving,normal,
default,RE_3194_HEAT_20260326,3194,2026-03-25,heat,missed,
default,RE_3194_INS_20260326,3194,2026-03-26,insemination,open,method=AI bull=Буран
default,RE_3195_CALV_1,3195,2025-11-04,calving,assisted,
default,RE_3195_HEAT_20260120,3195,2026-01-19,heat,detected,
default,RE_3195_INS_20260120,3195,2026-01-20,insemination,open,method=AI bull=Буран
default,RE_3195_PREGCK_20260120,3195,2026-02-24,preg_check,open,
default,RE_3196_CALV_4,3196,2025-11-05,calving,normal,
default,RE_3196_HEAT_20260113,3196,2026-01-12,heat,detected,
default,RE_3196_INS_20260113,3196,2026-01-13,insemination,pregnant,method=AI bull=Гром
default,RE_3196_PREGCK_20260113,3196,2026-02-17,preg_check,pregnant,
default,RE_3197_CALV_2,3197,2025-04-13,calving,normal,
default,RE_3197_HEAT_20250708,3197,2025-07-07,heat,detected,
default,RE_3197_INS_20250708,3197,2025-07-08,insemination,pregnant,method=AI bull=Каскад
default,RE_3197_PREGCK_20250708,3197,2025-08-12,preg_check,pregnant,
default,RE_3197_DRY_2,3197,2026-02-12,dryoff,completed,
default,RE_3198_CALV_4,3198,2025-06-12,calving,assisted,
default,RE_3198_HEAT_20250828,3198,2025-08-27,heat,detected,
default,RE_3198_INS_20250828,3198,2025-08-28,insemination,open,method=AI bull=Бой
default,RE_3198_PREGCK_20250828,3198,2025-10-02,preg_check,open,
default,RE_3198_DRY_4,3198,2026-04-13,dryoff,completed,
default,RE_3199_CALV_2,3199,2026-02-01,calving,normal,
default,RE_3199_HEAT_20260409,3199,2026-04-08,heat,missed,
default,RE_3199_INS_20260409,3199,2026-04-09,insemination,open,method=AI bull=Атаман
default,RE_3200_CALV_3,3200,2026-01-26,calving,normal,
default,RE_3200_HEAT_20260412,3200,2026-04-11,heat,missed,
default,RE_3200_INS_20260412,3200,2026-04-12,insemination,open,method=AI bull=Кавказ
default,RE_3201_CALV_3,3201,2025-12-21,calving,assisted,
default,RE_3201_HEAT_20260220,3201,2026-02-19,heat,detected,
default,RE_3201_INS_20260220,3201,2026-02-20,insemination,open,method=AI bull=Зевс
default,RE_3201_PREGCK_20260220,3201,2026-03-27,preg_check,open,
default,RE_3202_CALV_1,3202,2025-11-16,calving,normal,
default,RE_3202_HEAT_20260127,3202,2026-01-26,heat,detected,
default,RE_3202_INS_20260127,3202,2026-01-27,insemination,open,method=AI bull=Вихрь
default,RE_3202_PREGCK_20260127,3202,2026-03-03,preg_check,open,
default,RE_3203_CALV_2,3203,2025-08-12,calving,assisted,
default,RE_3203_HEAT_20251107,3203,2025-11-06,heat,detected,
default,RE_3203_INS_20251107,3203,2025-11-07,insemination,pregnant,method=AI bull=Атаман
default,RE_3203_PREGCK_20251107,3203,2025-12-12,preg_check,pregnant,
default,RE_3204_CALV_2,3204,2025-06-11,calving,assisted,
default,RE_3204_HEAT_20250908,3204,2025-09-07,heat,detected,
default,RE_3204_INS_20250908,3204,2025-09-08,insemination,open,method=AI bull=Бой
default,RE_3204_PREGCK_20250908,3204,2025-10-13,preg_check,open,
default,RE_3204_DRY_2,3204,2026-04-12,dryoff,completed,
default,RE_3205_CALV_4,3205,2026-02-24,calving,assisted,
default,RE_3206_CALV_1,3206,2026-04-12,calving,normal,
default,RE_3207_CALV_2,3207,2025-09-25,calving,assisted,
default,RE_3207_HEAT_20251124,3207,2025-11-23,heat,missed,
default,RE_3207_INS_20251124,3207,2025-11-24,insemination,pregnant,method=AI bull=Дунай
default,RE_3207_PREGCK_20251124,3207,2025-12-29,preg_check,pregnant,
default,RE_3208_CALV_2,3208,2026-03-29,calving,normal,
default,RE_3209_CALV_4,3209,2026-04-16,calving,normal,
default,RE_3210_CALV_1,3210,2025-09-26,calving,normal,
default,RE_3210_HEAT_20251221,3210,2025-12-20,heat,detected,
default,RE_3210_INS_20251221,3210,2025-12-21,insemination,pregnant,method=AI bull=Ермак
default,RE_3210_PREGCK_20251221,3210,2026-01-25,preg_check,pregnant,
default,RE_3211_CALV_2,3211,2026-01-25,calving,assisted,
default,RE_3211_HEAT_20260503,3211,2026-05-02,heat,detected,
default,RE_3211_INS_20260503,3211,2026-05-03,insemination,open,method=AI bull=Бой
default,RE_3211_PREGCK_20260503,3211,2026-06-07,preg_check,open,
default,RE_3212_CALV_2,3212,2025-10-05,calving,assisted,
default,RE_3212_HEAT_20251225,3212,2025-12-24,heat,missed,
default,RE_3212_INS_20251225,3212,2025-12-25,insemination,open,method=AI bull=Гром
default,RE_3212_PREGCK_20251225,3212,2026-01-29,preg_check,open,
default,RE_3213_CALV_3,3213,2025-07-11,calving,normal,
default,RE_3214_CALV_1,3214,2026-03-20,calving,normal,
default,RE_3215_CALV_3,3215,2025-12-11,calving,normal,
default,RE_3215_HEAT_20260218,3215,2026-02-17,heat,missed,
default,RE_3215_INS_20260218,3215,2026-02-18,insemination,open,method=AI bull=Ермак
default,RE_3215_PREGCK_20260218,3215,2026-03-25,preg_check,open,
default,RE_3216_CALV_1,3216,2025-10-29,calving,assisted,
default,RE_3216_HEAT_20251230,3216,2025-12-29,heat,detected,
default,RE_3216_INS_20251230,3216,2025-12-30,insemination,open,method=AI bull=Зевс
default,RE_3216_PREGCK_20251230,3216,2026-02-03,preg_check,open,
default,RE_3217_CALV_1,3217,2025-12-17,calving,assisted,
default,RE_3217_HEAT_20260219,3217,2026-02-18,heat,detected,
default,RE_3217_INS_20260219,3217,2026-02-19,insemination,pregnant,method=AI bull=Буран
default,RE_3217_PREGCK_20260219,3217,2026-03-26,preg_check,pregnant,
default,RE_3218_CALV_1,3218,2025-11-24,calving,normal,
default,RE_3218_HEAT_20260131,3218,2026-01-30,heat,detected,
default,RE_3218_INS_20260131,3218,2026-01-31,insemination,pregnant,method=AI bull=Ермак
default,RE_3218_PREGCK_20260131,3218,2026-03-07,preg_check,pregnant,
default,RE_3219_CALV_1,3219,2026-04-19,calving,assisted,
default,RE_3220_CALV_1,3220,2026-02-20,calving,normal,
default,RE_3221_CALV_2,3221,2026-01-12,calving,assisted,
default,RE_3221_HEAT_20260321,3221,2026-03-20,heat,detected,
default,RE_3221_INS_20260321,3221,2026-03-21,insemination,open,method=AI bull=Жигули
default,RE_3222_CALV_4,3222,2026-01-17,calving,assisted,
default,RE_3222_HEAT_20260325,3222,2026-03-24,heat,missed,
default,RE_3222_INS_20260325,3222,2026-03-25,insemination,open,method=AI bull=Дунай
default,RE_3223_CALV_3,3223,2026-02-06,calving,assisted,
default,RE_3223_HEAT_20260419,3223,2026-04-18,heat,missed,
default,RE_3223_INS_20260419,3223,2026-04-19,insemination,pregnant,method=AI bull=Дунай
default,RE_3224_CALV_2,3224,2025-12-31,calving,normal,
default,RE_3224_HEAT_20260329,3224,2026-03-28,heat,detected,
default,RE_3224_INS_20260329,3224,2026-03-29,insemination,open,method=AI bull=Зевс
default,RE_3225_CALV_3,3225,2026-04-13,calving,normal,
default,RE_3226_CALV_2,3226,2025-09-02,calving,normal,
default,RE_3226_HEAT_20251108,3226,2025-11-07,heat,missed,
default,RE_3226_INS_20251108,3226,2025-11-08,insemination,open,method=AI bull=Кавказ
default,RE_3226_PREGCK_20251108,3226,2025-12-13,preg_check,open,
default,RE_3227_CALV_2,3227,2026-01-22,calving,normal,
default,RE_3227_HEAT_20260412,3227,2026-04-11,heat,detected,
default,RE_3227_INS_20260412,3227,2026-04-12,insemination,open,method=AI bull=Ильич
default,RE_3228_CALV_3,3228,2025-12-29,calving,normal,
default,RE_3228_HEAT_20260302,3228,2026-03-01,heat,detected,
default,RE_3228_INS_20260302,3228,2026-03-02,insemination,open,method=AI bull=Буран
default,RE_3228_PREGCK_20260302,3228,2026-04-06,preg_check,open,
default,RE_3229_CALV_3,3229,2025-12-13,calving,normal,
default,RE_3229_HEAT_20260212,3229,2026-02-11,heat,detected,
default,RE_3229_INS_20260212,3229,2026-02-12,insemination,open,method=AI bull=Ермак
default,RE_3229_PREGCK_20260212,3229,2026-03-19,preg_check,open,
default,RE_3230_CALV_3,3230,2025-10-27,calving,normal,
default,RE_3230_HEAT_20260113,3230,2026-01-12,heat,missed,
default,RE_3230_INS_20260113,3230,2026-01-13,insemination,open,method=AI bull=Гром
default,RE_3230_PREGCK_20260113,3230,2026-02-17,preg_check,open,
default,RE_3231_CALV_3,3231,2026-02-02,calving,assisted,
default,RE_3231_HEAT_20260411,3231,2026-04-10,heat,missed,
default,RE_3231_INS_20260411,3231,2026-04-11,insemination,open,method=AI bull=Кавказ
default,RE_3232_CALV_1,3232,2026-02-15,calving,assisted,
default,RE_3232_HEAT_20260421,3232,2026-04-20,heat,missed,
default,RE_3232_INS_20260421,3232,2026-04-21,insemination,pregnant,method=AI bull=Граф
default,RE_3232_PREGCK_20260421,3232,2026-05-26,preg_check,pregnant,
default,RE_3233_CALV_2,3233,2026-01-17,calving,normal,
default,RE_3233_HEAT_20260402,3233,2026-04-01,heat,detected,
default,RE_3233_INS_20260402,3233,2026-04-02,insemination,open,method=AI bull=Жигули
default,RE_3234_CALV_3,3234,2025-12-12,calving,assisted,
default,RE_3234_HEAT_20260213,3234,2026-02-12,heat,missed,
default,RE_3234_INS_20260213,3234,2026-02-13,insemination,open,method=AI bull=Вихрь
default,RE_3234_PREGCK_20260213,3234,2026-03-20,preg_check,open,
default,RE_3235_CALV_4,3235,2025-06-04,calving,normal,
default,RE_3235_HEAT_20250903,3235,2025-09-02,heat,detected,
default,RE_3235_INS_20250903,3235,2025-09-03,insemination,open,method=AI bull=Бой
default,RE_3235_PREGCK_20250903,3235,2025-10-08,preg_check,open,
default,RE_3235_DRY_4,3235,2026-04-05,dryoff,completed,
default,RE_3236_CALV_1,3236,2026-02-16,calving,normal,
default,RE_3237_CALV_2,3237,2026-03-07,calving,normal,
default,RE_3238_CALV_1,3238,2026-01-06,calving,normal,
default,RE_3238_HEAT_20260330,3238,2026-03-29,heat,detected,
default,RE_3238_INS_20260330,3238,2026-03-30,insemination,open,method=AI bull=Ермак
default,RE_3239_CALV_3,3239,2026-04-17,calving,normal,
default,RE_3240_CALV_1,3240,2025-12-11,calving,normal,
default,RE_3240_HEAT_20260213,3240,2026-02-12,heat,missed,
default,RE_3240_INS_20260213,3240,2026-02-13,insemination,open,method=AI bull=Ермак
default,RE_3240_PREGCK_20260213,3240,2026-03-20,preg_check,open,
default,RE_3241_CALV_3,3241,2026-02-15,calving,assisted,
default,RE_3242_CALV_4,3242,2026-03-29,calving,normal,
default,RE_3243_CALV_2,3243,2025-11-11,calving,normal,
default,RE_3243_HEAT_20260123,3243,2026-01-22,heat,detected,
default,RE_3243_INS_20260123,3243,2026-01-23,insemination,pregnant,method=AI bull=Вихрь
default,RE_3243_PREGCK_20260123,3243,2026-02-27,preg_check,pregnant,
default,RE_3244_CALV_2,3244,2025-12-26,calving,assisted,
default,RE_3244_HEAT_20260319,3244,2026-03-18,heat,detected,
default,RE_3244_INS_20260319,3244,2026-03-19,insemination,pregnant,method=AI bull=Гром
default,RE_3245_CALV_1,3245,2026-03-26,calving,normal,
default,RE_3246_CALV_1,3246,2025-04-06,calving,normal,
default,RE_3246_HEAT_20250707,3246,2025-07-06,heat,detected,
default,RE_3246_INS_20250707,3246,2025-07-07,insemination,pregnant,method=AI bull=Атлас
default,RE_3246_PREGCK_20250707,3246,2025-08-11,preg_check,pregnant,
default,RE_3246_DRY_1,3246,2026-02-05,dryoff,completed,
default,RE_3247_CALV_1,3247,2026-02-12,calving,assisted,
default,RE_3247_HEAT_20260420,3247,2026-04-19,heat,detected,
default,RE_3247_INS_20260420,3247,2026-04-20,insemination,open,method=AI bull=Дунай
default,RE_3248_CALV_2,3248,2025-10-27,calving,assisted,
default,RE_3248_HEAT_20251229,3248,2025-12-28,heat,detected,
default,RE_3248_INS_20251229,3248,2025-12-29,insemination,open,method=AI bull=Ермак
default,RE_3248_PREGCK_20251229,3248,2026-02-02,preg_check,open,
default,RE_3249_CALV_3,3249,2025-10-06,calving,normal,
default,RE_3249_HEAT_20251228,3249,2025-12-27,heat,detected,
default,RE_3249_INS_20251228,3249,2025-12-28,insemination,pregnant,method=AI bull=Атаман
default,RE_3249_PREGCK_20251228,3249,2026-02-01,preg_check,pregnant,
default,RE_3250_CALV_3,3250,2026-01-01,calving,normal,
default,RE_3250_HEAT_20260313,3250,2026-03-12,heat,detected,
default,RE_3250_INS_20260313,3250,2026-03-13,insemination,open,method=AI bull=Буран
default,RE_3250_PREGCK_20260313,3250,2026-04-17,preg_check,open,
default,RE_3251_CALV_3,3251,2025-11-09,calving,assisted,
default,RE_3251_HEAT_20260128,3251,2026-01-27,heat,missed,
default,RE_3251_INS_20260128,3251,2026-01-28,insemination,open,method=AI bull=Ермак
default,RE_3251_PREGCK_20260128,3251,2026-03-04,preg_check,open,
default,RE_3252_CALV_1,3252,2025-11-28,calving,normal,
default,RE_3252_HEAT_20260127,3252,2026-01-26,heat,detected,
default,RE_3252_INS_20260127,3252,2026-01-27,insemination,open,method=AI bull=Вихрь
default,RE_3252_PREGCK_20260127,3252,2026-03-03,preg_check,open,
default,RE_3253_CALV_4,3253,2026-03-03,calving,normal,
default,RE_3254_CALV_2,3254,2025-12-29,calving,assisted,
default,RE_3254_HEAT_20260308,3254,2026-03-07,heat,missed,
default,RE_3254_INS_20260308,3254,2026-03-08,insemination,pregnant,method=AI bull=Атаман
default,RE_3254_PREGCK_20260308,3254,2026-04-12,preg_check,pregnant,
default,RE_3255_CALV_4,3255,2025-11-14,calving,normal,
default,RE_3255_HEAT_20260127,3255,2026-01-26,heat,missed,
default,RE_3255_INS_20260127,3255,2026-01-27,insemination,open,method=AI bull=Ермак
default,RE_3255_PREGCK_20260127,3255,2026-03-03,preg_check,open,
default,RE_3256_CALV_1,3256,2025-04-08,calving,assisted,
default,RE_3256_HEAT_20250718,3256,2025-07-17,heat,detected,
default,RE_3256_INS_20250718,3256,2025-07-18,insemination,pregnant,method=natural bull=stockyard_bull_01
default,RE_3256_PREGCK_20250718,3256,2025-08-22,preg_check,pregnant,
default,RE_3256_DRY_1,3256,2026-02-07,dryoff,completed,
default,RE_3257_CALV_4,3257,2026-02-08,calving,normal,
default,RE_3258_CALV_4,3258,2026-03-23,calving,normal,
default,RE_3259_CALV_3,3259,2025-12-13,calving,assisted,
default,RE_3259_HEAT_20260303,3259,2026-03-02,heat,missed,
default,RE_3259_INS_20260303,3259,2026-03-03,insemination,pregnant,method=AI bull=Дунай
default,RE_3259_PREGCK_20260303,3259,2026-04-07,preg_check,pregnant,
default,RE_3260_CALV_3,3260,2026-02-21,calving,normal,
default,RE_3261_CALV_3,3261,2026-02-28,calving,assisted,
default,RE_3262_CALV_4,3262,2026-03-02,calving,normal,
default,RE_3263_CALV_1,3263,2025-05-31,calving,assisted,
default,RE_3263_HEAT_20250809,3263,2025-08-08,heat,detected,
default,RE_3263_INS_20250809,3263,2025-08-09,insemination,pregnant,method=natural bull=stockyard_bull_01
default,RE_3263_PREGCK_20250809,3263,2025-09-13,preg_check,pregnant,
default,RE_3263_DRY_1,3263,2026-04-01,dryoff,completed,
default,RE_3264_CALV_2,3264,2025-11-01,calving,normal,
default,RE_3264_HEAT_20260111,3264,2026-01-10,heat,detected,
default,RE_3264_INS_20260111,3264,2026-01-11,insemination,open,method=AI bull=Жигули
default,RE_3264_PREGCK_20260111,3264,2026-02-15,preg_check,open,
default,RE_3265_CALV_2,3265,2025-12-20,calving,normal,
default,RE_3265_HEAT_20260317,3265,2026-03-16,heat,detected,
default,RE_3265_INS_20260317,3265,2026-03-17,insemination,pregnant,method=AI bull=Кавказ
default,RE_3265_PREGCK_20260317,3265,2026-04-21,preg_check,pregnant,
default,RE_3266_CALV_2,3266,2026-02-01,calving,normal,
default,RE_3266_HEAT_20260416,3266,2026-04-15,heat,detected,
default,RE_3266_INS_20260416,3266,2026-04-16,insemination,pregnant,method=natural bull=stockyard_bull_01
default,RE_3266_PREGCK_20260416,3266,2026-05-21,preg_check,pregnant,
default,RE_3267_CALV_2,3267,2026-01-21,calving,normal,
default,RE_3267_HEAT_20260402,3267,2026-04-01,heat,detected,
default,RE_3267_INS_20260402,3267,2026-04-02,insemination,open,method=AI bull=Атаман
default,RE_3268_CALV_4,3268,2025-03-27,calving,normal,
default,RE_3268_HEAT_20250529,3268,2025-05-28,heat,detected,
default,RE_3268_INS_20250529,3268,2025-05-29,insemination,open,method=AI bull=Граф
default,RE_3268_PREGCK_20250529,3268,2025-07-03,preg_check,open,
default,RE_3268_DRY_4,3268,2026-01-26,dryoff,completed,
default,RE_3269_CALV_3,3269,2025-11-04,calving,normal,
default,RE_3269_HEAT_20260112,3269,2026-01-11,heat,missed,
default,RE_3269_INS_20260112,3269,2026-01-12,insemination,open,method=AI bull=Ермак
default,RE_3269_PREGCK_20260112,3269,2026-02-16,preg_check,open,
default,RE_3270_CALV_2,3270,2026-04-14,calving,normal,
default,RE_3271_CALV_3,3271,2025-12-14,calving,assisted,
default,RE_3271_HEAT_20260305,3271,2026-03-04,heat,missed,
default,RE_3271_INS_20260305,3271,2026-03-05,insemination,open,method=AI bull=Ермак
default,RE_3271_PREGCK_20260305,3271,2026-04-09,preg_check,open,
default,RE_3272_CALV_1,3272,2025-10-26,calving,normal,
default,RE_3272_HEAT_20260103,3272,2026-01-02,heat,detected,
default,RE_3272_INS_20260103,3272,2026-01-03,insemination,open,method=AI bull=Ермак
default,RE_3272_PREGCK_20260103,3272,2026-02-07,preg_check,open,
default,RE_3273_CALV_2,3273,2026-04-13,calving,assisted,
default,RE_3274_CALV_4,3274,2026-02-25,calving,normal,
default,RE_3274_HEAT_20260502,3274,2026-05-01,heat,detected,
default,RE_3274_INS_20260502,3274,2026-05-02,insemination,pregnant,method=natural bull=stockyard_bull_01
default,RE_3274_PREGCK_20260502,3274,2026-06-06,preg_check,pregnant,
default,RE_3275_CALV_3,3275,2025-11-29,calving,normal,
default,RE_3275_HEAT_20260224,3275,2026-02-23,heat,missed,
default,RE_3275_INS_20260224,3275,2026-02-24,insemination,open,method=AI bull=Атаман
default,RE_3275_PREGCK_20260224,3275,2026-03-31,preg_check,open,
default,RE_3276_CALV_2,3276,2026-01-22,calving,normal,
default,RE_3276_HEAT_20260417,3276,2026-04-16,heat,detected,
default,RE_3276_INS_20260417,3276,2026-04-17,insemination,open,method=AI bull=Ильич
default,RE_3277_CALV_2,3277,2025-06-12,calving,assisted,
default,RE_3277_HEAT_20250914,3277,2025-09-13,heat,detected,
default,RE_3277_INS_20250914,3277,2025-09-14,insemination,open,method=AI bull=Каскад
default,RE_3277_PREGCK_20250914,3277,2025-10-19,preg_check,open,
default,RE_3277_DRY_2,3277,2026-04-13,dryoff,completed,
default,RE_3278_CALV_1,3278,2026-04-20,calving,normal,
default,RE_3279_CALV_3,3279,2026-02-03,calving,normal,
default,RE_3279_HEAT_20260410,3279,2026-04-09,heat,missed,
default,RE_3279_INS_20260410,3279,2026-04-10,insemination,open,method=AI bull=Атаман
default,RE_3280_CALV_4,3280,2026-04-20,calving,normal,
default,RE_3281_CALV_1,3281,2026-03-16,calving,assisted,
default,RE_3282_CALV_2,3282,2025-06-13,calving,normal,
default,RE_3282_DRY_2,3282,2026-04-14,dryoff,completed,
default,RE_3283_CALV_3,3283,2026-01-02,calving,assisted,
default,RE_3283_HEAT_20260328,3283,2026-03-27,heat,missed,
default,RE_3283_INS_20260328,3283,2026-03-28,insemination,open,method=AI bull=Зевс
default,RE_3284_CALV_4,3284,2025-08-11,calving,normal,
default,RE_3284_HEAT_20251027,3284,2025-10-26,heat,detected,
default,RE_3284_INS_20251027,3284,2025-10-27,insemination,pregnant,method=AI bull=Жигули
default,RE_3284_PREGCK_20251027,3284,2025-12-01,preg_check,pregnant,
default,RE_3285_CALV_2,3285,2025-11-09,calving,assisted,
default,RE_3285_HEAT_20260112,3285,2026-01-11,heat,detected,
default,RE_3285_INS_20260112,3285,2026-01-12,insemination,open,method=AI bull=Зевс
default,RE_3285_PREGCK_20260112,3285,2026-02-16,preg_check,open,
default,RE_3286_CALV_4,3286,2026-03-12,calving,assisted,
default,RE_3287_CALV_3,3287,2026-02-06,calving,normal,
default,RE_3287_HEAT_20260412,3287,2026-04-11,heat,detected,
default,RE_3287_INS_20260412,3287,2026-04-12,insemination,open,method=AI bull=Ильич
default,RE_3288_CALV_2,3288,2026-03-13,calving,normal,
default,RE_3289_CALV_1,3289,2025-10-09,calving,normal,
default,RE_3289_HEAT_20251226,3289,2025-12-25,heat,detected,
default,RE_3289_INS_20251226,3289,2025-12-26,insemination,open,method=AI bull=Жигули
default,RE_3289_PREGCK_20251226,3289,2026-01-30,preg_check,open,
default,RE_3290_CALV_1,3290,2026-04-17,calving,normal,
default,RE_3291_CALV_2,3291,2026-04-04,calving,assisted,
default,RE_3292_CALV_1,3292,2026-02-16,calving,normal,
default,RE_3292_HEAT_20260427,3292,2026-04-26,heat,detected,
default,RE_3292_INS_20260427,3292,2026-04-27,insemination,open,method=natural bull=stockyard_bull_01
default,RE_3292_PREGCK_20260427,3292,2026-06-01,preg_check,open,
default,RE_3293_CALV_2,3293,2026-01-03,calving,normal,
default,RE_3293_HEAT_20260312,3293,2026-03-11,heat,missed,
default,RE_3293_INS_20260312,3293,2026-03-12,insemination,open,method=AI bull=Атаман
default,RE_3293_PREGCK_20260312,3293,2026-04-16,preg_check,open,
default,RE_3294_CALV_1,3294,2026-04-14,calving,normal,
default,RE_3295_CALV_1,3295,2026-04-14,calving,normal,
default,RE_3296_CALV_2,3296,2026-01-13,calving,normal,
default,RE_3296_HEAT_20260318,3296,2026-03-17,heat,detected,
default,RE_3296_INS_20260318,3296,2026-03-18,insemination,open,method=AI bull=Атаман
default,RE_3297_CALV_2,3297,2025-07-12,calving,normal,
default,RE_3298_CALV_3,3298,2025-09-01,calving,normal,
default,RE_3298_HEAT_20251128,3298,2025-11-27,heat,detected,
default,RE_3298_INS_20251128,3298,2025-11-28,insemination,pregnant,method=AI bull=Зевс
default,RE_3298_PREGCK_20251128,3298,2026-01-02,preg_check,pregnant,
default,RE_3299_CALV_4,3299,2025-06-12,calving,normal,
default,RE_3299_HEAT_20250913,3299,2025-09-12,heat,detected,
default,RE_3299_INS_20250913,3299,2025-09-13,insemination,open,method=AI bull=Витязь
default,RE_3299_PREGCK_20250913,3299,2025-10-18,preg_check,open,
default,RE_3299_DRY_4,3299,2026-04-13,dryoff,completed,
default,RE_3300_CALV_1,3300,2026-01-22,calving,normal,
default,RE_3300_HEAT_20260326,3300,2026-03-25,heat,detected,
default,RE_3300_INS_20260326,3300,2026-03-26,insemination,open,method=AI bull=Вихрь
default,RE_3301_CALV_4,3301,2025-10-04,calving,normal,
default,RE_3301_HEAT_20251226,3301,2025-12-25,heat,missed,
default,RE_3301_INS_20251226,3301,2025-12-26,insemination,open,method=AI bull=Жигули
default,RE_3301_PREGCK_20251226,3301,2026-01-30,preg_check,open,
default,RE_3302_CALV_1,3302,2026-03-04,calving,normal,
default,RE_3303_CALV_2,3303,2026-01-16,calving,normal,
default,RE_3303_HEAT_20260408,3303,2026-04-07,heat,detected,
default,RE_3303_INS_20260408,3303,2026-04-08,insemination,pregnant,method=AI bull=Вихрь
default,RE_3304_CALV_1,3304,2026-01-22,calving,assisted,
default,RE_3304_HEAT_20260406,3304,2026-04-05,heat,detected,
default,RE_3304_INS_20260406,3304,2026-04-06,insemination,open,method=AI bull=Дунай
default,RE_3305_CALV_4,3305,2026-02-04,calving,normal,
default,RE_3305_HEAT_20260413,3305,2026-04-12,heat,missed,
default,RE_3305_INS_20260413,3305,2026-04-13,insemination,open,method=AI bull=Жигули
default,RE_3306_CALV_1,3306,2025-06-12,calving,normal,
default,RE_3306_HEAT_20250825,3306,2025-08-24,heat,detected,
default,RE_3306_INS_20250825,3306,2025-08-25,insemination,open,method=AI bull=Орёл
default,RE_3306_PREGCK_20250825,3306,2025-09-29,preg_check,open,
default,RE_3306_DRY_1,3306,2026-04-13,dryoff,completed,
default,RE_3307_CALV_2,3307,2026-02-04,calving,assisted,
default,RE_3307_HEAT_20260406,3307,2026-04-05,heat,detected,
default,RE_3307_INS_20260406,3307,2026-04-06,insemination,open,method=AI bull=Каскад
default,RE_3307_PREGCK_20260406,3307,2026-05-11,preg_check,open,
default,RE_3308_CALV_2,3308,2026-01-12,calving,normal,
default,RE_3308_HEAT_20260410,3308,2026-04-09,heat,detected,
default,RE_3308_INS_20260410,3308,2026-04-10,insemination,open,method=AI bull=Кавказ
default,RE_3309_CALV_3,3309,2025-04-04,calving,normal,
default,RE_3309_HEAT_20250806,3309,2025-08-05,heat,detected,
default,RE_3309_INS_20250806,3309,2025-08-06,insemination,pregnant,method=AI bull=Атлас
default,RE_3309_PREGCK_20250806,3309,2025-09-10,preg_check,pregnant,
default,RE_3309_DRY_3,3309,2026-02-03,dryoff,completed,
default,RE_3310_CALV_2,3310,2026-02-20,calving,normal,
default,RE_3311_CALV_3,3311,2026-03-09,calving,assisted,
default,RE_3312_CALV_1,3312,2025-04-27,calving,normal,
default,RE_3312_HEAT_20250703,3312,2025-07-02,heat,detected,
default,RE_3312_INS_20250703,3312,2025-07-03,insemination,open,method=AI bull=Граф
default,RE_3312_PREGCK_20250703,3312,2025-08-07,preg_check,open,
default,RE_3312_DRY_1,3312,2026-02-26,dryoff,completed,
default,RE_3313_CALV_3,3313,2025-08-01,calving,normal,
default,RE_3313_HEAT_20251124,3313,2025-11-23,heat,detected,
default,RE_3313_INS_20251124,3313,2025-11-24,insemination,open,method=AI bull=Бой
default,RE_3313_PREGCK_20251124,3313,2025-12-29,preg_check,open,
default,RE_3314_CALV_1,3314,2025-04-04,calving,assisted,
default,RE_3314_HEAT_20250707,3314,2025-07-06,heat,detected,
default,RE_3314_INS_20250707,3314,2025-07-07,insemination,open,method=AI bull=Бой
default,RE_3314_PREGCK_20250707,3314,2025-08-11,preg_check,open,
default,RE_3314_DRY_1,3314,2026-02-03,dryoff,completed,
default,RE_3315_CALV_2,3315,2025-08-07,calving,normal,
default,RE_3315_HEAT_20251009,3315,2025-10-08,heat,detected,
default,RE_3315_INS_20251009,3315,2025-10-09,insemination,open,method=AI bull=Зорро
default,RE_3315_PREGCK_20251009,3315,2025-11-13,preg_check,open,
default,RE_3316_CALV_1,3316,2025-05-10,calving,normal,
default,RE_3316_HEAT_20250709,3316,2025-07-08,heat,detected,
default,RE_3316_INS_20250709,3316,2025-07-09,insemination,pregnant,method=AI bull=Атлас
default,RE_3316_PREGCK_20250709,3316,2025-08-13,preg_check,pregnant,
default,RE_3316_DRY_1,3316,2026-03-11,dryoff,completed,
default,RE_3317_CALV_1,3317,2025-10-03,calving,normal,
default,RE_3317_HEAT_20251207,3317,2025-12-06,heat,detected,
default,RE_3317_INS_20251207,3317,2025-12-07,insemination,open,method=AI bull=Кавказ
default,RE_3317_PREGCK_20251207,3317,2026-01-11,preg_check,open,
default,RE_3318_CALV_1,3318,2025-09-21,calving,assisted,
default,RE_3318_HEAT_20251121,3318,2025-11-20,heat,detected,
default,RE_3318_INS_20251121,3318,2025-11-21,insemination,open,method=AI bull=Ильич
default,RE_3318_PREGCK_20251121,3318,2025-12-26,preg_check,open,
default,RE_3319_CALV_2,3319,2025-12-06,calving,normal,
default,RE_3319_HEAT_20260222,3319,2026-02-21,heat,detected,
default,RE_3319_INS_20260222,3319,2026-02-22,insemination,pregnant,method=AI bull=Атаман
default,RE_3319_PREGCK_20260222,3319,2026-03-29,preg_check,pregnant,
default,RE_3320_CALV_1,3320,2026-02-23,calving,normal,
default,RE_3321_CALV_1,3321,2026-03-08,calving,normal,
default,RE_3322_CALV_1,3322,2025-10-09,calving,normal,
default,RE_3322_HEAT_20251224,3322,2025-12-23,heat,detected,
default,RE_3322_INS_20251224,3322,2025-12-24,insemination,open,method=AI bull=Зевс
default,RE_3322_PREGCK_20251224,3322,2026-01-28,preg_check,open,
default,RE_3323_CALV_2,3323,2026-01-31,calving,assisted,
default,RE_3324_CALV_2,3324,2026-04-12,calving,normal,
default,RE_3325_CALV_1,3325,2025-10-18,calving,normal,
default,RE_3325_HEAT_20251222,3325,2025-12-21,heat,detected,
default,RE_3325_INS_20251222,3325,2025-12-22,insemination,open,method=AI bull=Жигули
default,RE_3325_PREGCK_20251222,3325,2026-01-26,preg_check,open,
default,RE_3326_CALV_3,3326,2025-04-06,calving,normal,
default,RE_3326_HEAT_20250620,3326,2025-06-19,heat,detected,
default,RE_3326_INS_20250620,3326,2025-06-20,insemination,pregnant,method=AI bull=Витязь
default,RE_3326_PREGCK_20250620,3326,2025-07-25,preg_check,pregnant,
default,RE_3326_DRY_3,3326,2026-02-05,dryoff,completed,
default,RE_3327_CALV_1,3327,2025-04-14,calving,normal,
default,RE_3327_HEAT_20250718,3327,2025-07-17,heat,detected,
default,RE_3327_INS_20250718,3327,2025-07-18,insemination,open,method=AI bull=Ильич
default,RE_3327_PREGCK_20250718,3327,2025-08-22,preg_check,open,
default,RE_3327_DRY_1,3327,2026-02-13,dryoff,completed,
default,RE_3328_CALV_3,3328,2025-09-08,calving,normal,
default,RE_3328_HEAT_20251205,3328,2025-12-04,heat,missed,
default,RE_3328_INS_20251205,3328,2025-12-05,insemination,open,method=AI bull=Дунай
default,RE_3328_PREGCK_20251205,3328,2026-01-09,preg_check,open,
default,RE_3329_CALV_1,3329,2026-01-12,calving,normal,
default,RE_3329_HEAT_20260325,3329,2026-03-24,heat,detected,
default,RE_3329_INS_20260325,3329,2026-03-25,insemination,open,method=AI bull=Ермак
default,RE_3330_CALV_2,3330,2025-07-11,calving,normal,
default,RE_3330_HEAT_20251102,3330,2025-11-01,heat,detected,
default,RE_3330_INS_20251102,3330,2025-11-02,insemination,pregnant,method=AI bull=Граф
default,RE_3330_PREGCK_20251102,3330,2025-12-07,preg_check,pregnant,
default,RE_3331_CALV_2,3331,2025-06-14,calving,assisted,
default,RE_3331_HEAT_20250912,3331,2025-09-11,heat,detected,
default,RE_3331_INS_20250912,3331,2025-09-12,insemination,pregnant,method=AI bull=Каскад
default,RE_3331_PREGCK_20250912,3331,2025-10-17,preg_check,pregnant,
default,RE_3331_DRY_2,3331,2026-04-15,dryoff,completed,
default,RE_3332_CALV_2,3332,2026-03-10,calving,assisted,
default,RE_3333_CALV_4,3333,2025-09-11,calving,normal,
default,RE_3333_HEAT_20251130,3333,2025-11-29,heat,detected,
default,RE_3333_INS_20251130,3333,2025-11-30,insemination,open,method=AI bull=Гром
default,RE_3333_PREGCK_20251130,3333,2026-01-04,preg_check,open,
default,RE_3334_CALV_2,3334,2025-04-16,calving,assisted,
default,RE_3334_HEAT_20250822,3334,2025-08-21,heat,detected,
default,RE_3334_INS_20250822,3334,2025-08-22,insemination,open,method=AI bull=Граф
default,RE_3334_PREGCK_20250822,3334,2025-09-26,preg_check,open,
default,RE_3334_DRY_2,3334,2026-02-15,dryoff,completed,
default,RE_3335_CALV_4,3335,2025-06-09,calving,assisted,
default,RE_3335_HEAT_20250917,3335,2025-09-16,heat,detected,
default,RE_3335_INS_20250917,3335,2025-09-17,insemination,pregnant,method=natural bull=stockyard_bull_01
default,RE_3335_PREGCK_20250917,3335,2025-10-22,preg_check,pregnant,
default,RE_3335_DRY_4,3335,2026-04-10,dryoff,completed,
default,RE_3336_CALV_3,3336,2026-04-12,calving,normal,
default,RE_3337_CALV_2,3337,2026-03-24,calving,normal,
default,RE_3338_CALV_2,3338,2025-12-27,calving,normal,
default,RE_3338_HEAT_20260304,3338,2026-03-03,heat,missed,
default,RE_3338_INS_20260304,3338,2026-03-04,insemination,pregnant,method=AI bull=Ильич
default,RE_3338_PREGCK_20260304,3338,2026-04-08,preg_check,pregnant,
default,RE_3339_CALV_2,3339,2025-12-10,calving,normal,
default,RE_3339_HEAT_20260309,3339,2026-03-08,heat,missed,
default,RE_3339_INS_20260309,3339,2026-03-09,insemination,open,method=AI bull=Ермак
default,RE_3339_PREGCK_20260309,3339,2026-04-13,preg_check,open,
default,RE_3340_CALV_2,3340,2025-11-02,calving,assisted,
default,RE_3340_HEAT_20260102,3340,2026-01-01,heat,missed,
default,RE_3340_INS_20260102,3340,2026-01-02,insemination,pregnant,method=AI bull=Атаман
default,RE_3340_PREGCK_20260102,3340,2026-02-06,preg_check,pregnant,
default,RE_3341_CALV_1,3341,2025-04-29,calving,assisted,
default,RE_3341_DRY_1,3341,2026-02-28,dryoff,completed,
default,RE_3342_CALV_1,3342,2026-03-16,calving,assisted,
default,RE_3343_CALV_3,3343,2025-12-10,calving,normal,
default,RE_3343_HEAT_20260302,3343,2026-03-01,heat,missed,
default,RE_3343_INS_20260302,3343,2026-03-02,insemination,pregnant,method=AI bull=Жигули
default,RE_3343_PREGCK_20260302,3343,2026-04-06,preg_check,pregnant,
default,RE_3344_CALV_1,3344,2026-03-07,calving,normal,
default,RE_3345_CALV_2,3345,2026-03-01,calving,normal,
default,RE_3346_CALV_4,3346,2026-01-08,calving,assisted,
default,RE_3346_HEAT_20260328,3346,2026-03-27,heat,detected,
default,RE_3346_INS_20260328,3346,2026-03-28,insemination,pregnant,method=AI bull=Атаман
default,RE_3347_CALV_1,3347,2025-04-08,calving,normal,
default,RE_3347_HEAT_20250713,3347,2025-07-12,heat,detected,
default,RE_3347_INS_20250713,3347,2025-07-13,insemination,pregnant,method=natural bull=stockyard_bull_01
default,RE_3347_PREGCK_20250713,3347,2025-08-17,preg_check,pregnant,
default,RE_3347_DRY_1,3347,2026-02-07,dryoff,completed,
