tenant_id,animal_id,farm_id,site_id,current_pen_id,master_animal_id,external_id,sex,birth_date,breed,status
default,DEMO_COW_1001,DEMO_FARM_001,DEMO_SITE_001,PEN_N1_LACT,MA_DEMO_COW_1001,EXT_DEMO_COW_1001,F,2021-03-12,Holstein,active
default,DEMO_COW_1002,DEMO_FARM_001,DEMO_SITE_001,PEN_N1_FRESH,MA_DEMO_COW_1002,EXT_DEMO_COW_1002,F,2021-05-02,Holstein,active
default,DEMO_COW_1003,DEMO_FARM_001,DEMO_SITE_001,PEN_N1_LACT,MA_DEMO_COW_1003,EXT_DEMO_COW_1003,F,2020-11-18,Holstein,active
default,DEMO_COW_2001,DEMO_FARM_001,DEMO_SITE_002,PEN_N2_REPRO,MA_DEMO_COW_2001,EXT_DEMO_COW_2001,F,2021-01-27,Holstein,active
default,DEMO_COW_2002,DEMO_FARM_001,DEMO_SITE_002,PEN_N2_HOSP,MA_DEMO_COW_2002,EXT_DEMO_COW_2002,F,2020-08-15,Holstein,active
default,DEMO_COW_2003,DEMO_FARM_001,DEMO_SITE_002,PEN_N2_REPRO,MA_DEMO_COW_2003,EXT_DEMO_COW_2003,F,2021-09-03,Holstein,active
default,DEMO_COW_3001,DEMO_FARM_002,DEMO_SITE_003,PEN_S1_LACT,MA_DEMO_COW_3001,EXT_DEMO_COW_3001,F,2021-02-08,Holstein,active
default,DEMO_COW_3002,DEMO_FARM_002,DEMO_SITE_003,PEN_S1_LACT,MA_DEMO_COW_3002,EXT_DEMO_COW_3002,F,2020-12-21,Holstein,active
default,DEMO_COW_3003,DEMO_FARM_002,DEMO_SITE_003,PEN_S1_DRY,MA_DEMO_COW_3003,EXT_DEMO_COW_3003,F,2021-06-30,Holstein,active
