tenant_id,lactation_id,animal_id,lactation_no,calving_date,dryoff_date,milk_305d_kg,calving_outcome
default,LAC_DEMO_COW_1001_2,DEMO_COW_1001,2,2024-08-07,2025-05-24,10850,normal
default,LAC_DEMO_COW_1002_2,DEMO_COW_1002,2,2024-08-13,2025-05-30,9850,normal
default,LAC_DEMO_COW_1003_2,DEMO_COW_1003,2,2024-08-19,2025-06-05,11220,normal
default,LAC_DEMO_COW_2001_2,DEMO_COW_2001,2,2024-08-25,2025-06-11,9410,normal
default,LAC_DEMO_COW_2002_2,DEMO_COW_2002,2,2024-08-31,2025-06-17,9050,normal
default,LAC_DEMO_COW_2003_2,DEMO_COW_2003,2,2024-09-06,2025-06-23,9980,normal
default,LAC_DEMO_COW_3001_2,DEMO_COW_3001,2,2024-09-12,2025-06-29,10310,normal
default,LAC_DEMO_COW_3002_2,DEMO_COW_3002,2,2024-09-18,2025-07-05,9750,normal
default,LAC_DEMO_COW_3003_2,DEMO_COW_3003,2,2024-09-24,2025-07-11,8875,normal
